,lon,lat,burn_area,area
2015_01_01,14.49689738,-5.130335927,0,0
2015_02_01,14.49689738,-5.130335927,0,0
2015_03_01,14.49689738,-5.130335927,0,0
2015_04_01,14.49689738,-5.130335927,0,0
2015_05_01,14.49689738,-5.130335927,0,0
2015_06_01,14.49689738,-5.130335927,0.010638298,0
2015_07_01,14.49689738,-5.130335927,0.106382979,0
2015_08_01,14.49689738,-5.130335927,0.063829787,0
2015_09_01,14.49689738,-5.130335927,0.021276596,0
2015_10_01,14.49689738,-5.130335927,0,0
2015_11_01,14.49689738,-5.130335927,0,0
2015_12_01,14.49689738,-5.130335927,0,0
2016_01_01,14.49689738,-5.130335927,0,0
2016_02_01,14.49689738,-5.130335927,0,0
2016_03_01,14.49689738,-5.130335927,0,0
2016_04_01,14.49689738,-5.130335927,0.010638298,0
2016_05_01,14.49689738,-5.130335927,0,0
2016_06_01,14.49689738,-5.130335927,0,0
2016_07_01,14.49689738,-5.130335927,0.042553191,0
2016_08_01,14.49689738,-5.130335927,0.031914894,0
2016_09_01,14.49689738,-5.130335927,0.021276596,0
2016_10_01,14.49689738,-5.130335927,0,0
2016_11_01,14.49689738,-5.130335927,0,0
2016_12_01,14.49689738,-5.130335927,0,0
2017_01_01,14.49689738,-5.130335927,0,0
2017_02_01,14.49689738,-5.130335927,0,0
2017_03_01,14.49689738,-5.130335927,0,0
2017_04_01,14.49689738,-5.130335927,0,0
2017_05_01,14.49689738,-5.130335927,0.021276596,0
2017_06_01,14.49689738,-5.130335927,0,0
2017_07_01,14.49689738,-5.130335927,0.085106383,0
2017_08_01,14.49689738,-5.130335927,0.063829787,0
2017_09_01,14.49689738,-5.130335927,0.042553191,0
2017_10_01,14.49689738,-5.130335927,0,0
2017_11_01,14.49689738,-5.130335927,0,0
2017_12_01,14.49689738,-5.130335927,0,0
2018_01_01,14.49689738,-5.130335927,0,0
2018_02_01,14.49689738,-5.130335927,0.010638298,0
2018_03_01,14.49689738,-5.130335927,0.031914894,0
2018_04_01,14.49689738,-5.130335927,0,0
2018_05_01,14.49689738,-5.130335927,0,0
2018_06_01,14.49689738,-5.130335927,0.010638298,0
2018_07_01,14.49689738,-5.130335927,0.021276596,0
2018_08_01,14.49689738,-5.130335927,0.010638298,0
2018_09_01,14.49689738,-5.130335927,0.031914894,0
2018_10_01,14.49689738,-5.130335927,0,0
2018_11_01,14.49689738,-5.130335927,0,0
2018_12_01,14.49689738,-5.130335927,0,0
2019_01_01,14.49689738,-5.130335927,0,0
2019_02_01,14.49689738,-5.130335927,0,0
2019_03_01,14.49689738,-5.130335927,0,0
2019_04_01,14.49689738,-5.130335927,0.010638298,0
2019_05_01,14.49689738,-5.130335927,0,0
2019_06_01,14.49689738,-5.130335927,0.031914894,0
2019_07_01,14.49689738,-5.130335927,0.021276596,0
2019_08_01,14.49689738,-5.130335927,0.053191489,0
2019_09_01,14.49689738,-5.130335927,0,0
2019_10_01,14.49689738,-5.130335927,0,0
2019_11_01,14.49689738,-5.130335927,0,0
2019_12_01,14.49689738,-5.130335927,0,0
2020_01_01,14.49689738,-5.130335927,0,0
2020_02_01,14.49689738,-5.130335927,0,0
2020_03_01,14.49689738,-5.130335927,0,0
2020_04_01,14.49689738,-5.130335927,0,0
2020_05_01,14.49689738,-5.130335927,0.021276596,0
2020_06_01,14.49689738,-5.130335927,0,0
2020_07_01,14.49689738,-5.130335927,0.021276596,0
2020_08_01,14.49689738,-5.130335927,0.053191489,0
2020_09_01,14.49689738,-5.130335927,0.010638298,0
2020_10_01,14.49689738,-5.130335927,0,0
2020_11_01,14.49689738,-5.130335927,0,0
2020_12_01,14.49689738,-5.130335927,0,0
2021_01_01,14.49689738,-5.130335927,0,0
2021_02_01,14.49689738,-5.130335927,0,0
2021_03_01,14.49689738,-5.130335927,0,0
2021_04_01,14.49689738,-5.130335927,0,0
2015_01_01,18.33094002,-6.787365899,0,1
2015_02_01,18.33094002,-6.787365899,0,1
2015_03_01,18.33094002,-6.787365899,0,1
2015_04_01,18.33094002,-6.787365899,0,1
2015_05_01,18.33094002,-6.787365899,0.049586777,1
2015_06_01,18.33094002,-6.787365899,0.190082645,1
2015_07_01,18.33094002,-6.787365899,0.090909091,1
2015_08_01,18.33094002,-6.787365899,0.033057851,1
2015_09_01,18.33094002,-6.787365899,0,1
2015_10_01,18.33094002,-6.787365899,0,1
2015_11_01,18.33094002,-6.787365899,0,1
2015_12_01,18.33094002,-6.787365899,0,1
2016_01_01,18.33094002,-6.787365899,0,1
2016_02_01,18.33094002,-6.787365899,0,1
2016_03_01,18.33094002,-6.787365899,0.016528926,1
2016_04_01,18.33094002,-6.787365899,0,1
2016_05_01,18.33094002,-6.787365899,0.074380165,1
2016_06_01,18.33094002,-6.787365899,0.231404959,1
2016_07_01,18.33094002,-6.787365899,0.115702479,1
2016_08_01,18.33094002,-6.787365899,0,1
2016_09_01,18.33094002,-6.787365899,0,1
2016_10_01,18.33094002,-6.787365899,0,1
2016_11_01,18.33094002,-6.787365899,0,1
2016_12_01,18.33094002,-6.787365899,0,1
2017_01_01,18.33094002,-6.787365899,0,1
2017_02_01,18.33094002,-6.787365899,0,1
2017_03_01,18.33094002,-6.787365899,0,1
2017_04_01,18.33094002,-6.787365899,0,1
2017_05_01,18.33094002,-6.787365899,0.066115702,1
2017_06_01,18.33094002,-6.787365899,0.256198347,1
2017_07_01,18.33094002,-6.787365899,0.157024793,1
2017_08_01,18.33094002,-6.787365899,0.008264463,1
2017_09_01,18.33094002,-6.787365899,0,1
2017_10_01,18.33094002,-6.787365899,0,1
2017_11_01,18.33094002,-6.787365899,0,1
2017_12_01,18.33094002,-6.787365899,0,1
2018_01_01,18.33094002,-6.787365899,0,1
2018_02_01,18.33094002,-6.787365899,0.008264463,1
2018_03_01,18.33094002,-6.787365899,0.049586777,1
2018_04_01,18.33094002,-6.787365899,0.008264463,1
2018_05_01,18.33094002,-6.787365899,0.016528926,1
2018_06_01,18.33094002,-6.787365899,0.214876033,1
2018_07_01,18.33094002,-6.787365899,0.157024793,1
2018_08_01,18.33094002,-6.787365899,0.008264463,1
2018_09_01,18.33094002,-6.787365899,0,1
2018_10_01,18.33094002,-6.787365899,0,1
2018_11_01,18.33094002,-6.787365899,0,1
2018_12_01,18.33094002,-6.787365899,0,1
2019_01_01,18.33094002,-6.787365899,0,1
2019_02_01,18.33094002,-6.787365899,0,1
2019_03_01,18.33094002,-6.787365899,0.008264463,1
2019_04_01,18.33094002,-6.787365899,0.008264463,1
2019_05_01,18.33094002,-6.787365899,0.033057851,1
2019_06_01,18.33094002,-6.787365899,0.239669421,1
2019_07_01,18.33094002,-6.787365899,0.20661157,1
2019_08_01,18.33094002,-6.787365899,0.008264463,1
2019_09_01,18.33094002,-6.787365899,0,1
2019_10_01,18.33094002,-6.787365899,0,1
2019_11_01,18.33094002,-6.787365899,0,1
2019_12_01,18.33094002,-6.787365899,0,1
2020_01_01,18.33094002,-6.787365899,0,1
2020_02_01,18.33094002,-6.787365899,0,1
2020_03_01,18.33094002,-6.787365899,0,1
2020_04_01,18.33094002,-6.787365899,0,1
2020_05_01,18.33094002,-6.787365899,0.05785124,1
2020_06_01,18.33094002,-6.787365899,0.272727273,1
2020_07_01,18.33094002,-6.787365899,0.140495868,1
2020_08_01,18.33094002,-6.787365899,0.008264463,1
2020_09_01,18.33094002,-6.787365899,0,1
2020_10_01,18.33094002,-6.787365899,0,1
2020_11_01,18.33094002,-6.787365899,0,1
2020_12_01,18.33094002,-6.787365899,0,1
2021_01_01,18.33094002,-6.787365899,0.008264463,1
2021_02_01,18.33094002,-6.787365899,0,1
2021_03_01,18.33094002,-6.787365899,0.008264463,1
2021_04_01,18.33094002,-6.787365899,0,1
2015_01_01,18.05204195,-3.994002227,0.007352941,2
2015_02_01,18.05204195,-3.994002227,0.003676471,2
2015_03_01,18.05204195,-3.994002227,0.003676471,2
2015_04_01,18.05204195,-3.994002227,0.007352941,2
2015_05_01,18.05204195,-3.994002227,0.007352941,2
2015_06_01,18.05204195,-3.994002227,0.044117647,2
2015_07_01,18.05204195,-3.994002227,0.029411765,2
2015_08_01,18.05204195,-3.994002227,0.014705882,2
2015_09_01,18.05204195,-3.994002227,0.033088235,2
2015_10_01,18.05204195,-3.994002227,0,2
2015_11_01,18.05204195,-3.994002227,0,2
2015_12_01,18.05204195,-3.994002227,0,2
2016_01_01,18.05204195,-3.994002227,0,2
2016_02_01,18.05204195,-3.994002227,0,2
2016_03_01,18.05204195,-3.994002227,0,2
2016_04_01,18.05204195,-3.994002227,0,2
2016_05_01,18.05204195,-3.994002227,0.044117647,2
2016_06_01,18.05204195,-3.994002227,0.055147059,2
2016_07_01,18.05204195,-3.994002227,0.014705882,2
2016_08_01,18.05204195,-3.994002227,0.025735294,2
2016_09_01,18.05204195,-3.994002227,0.003676471,2
2016_10_01,18.05204195,-3.994002227,0,2
2016_11_01,18.05204195,-3.994002227,0,2
2016_12_01,18.05204195,-3.994002227,0,2
2017_01_01,18.05204195,-3.994002227,0,2
2017_02_01,18.05204195,-3.994002227,0.003676471,2
2017_03_01,18.05204195,-3.994002227,0.007352941,2
2017_04_01,18.05204195,-3.994002227,0.003676471,2
2017_05_01,18.05204195,-3.994002227,0.007352941,2
2017_06_01,18.05204195,-3.994002227,0.040441176,2
2017_07_01,18.05204195,-3.994002227,0.018382353,2
2017_08_01,18.05204195,-3.994002227,0.007352941,2
2017_09_01,18.05204195,-3.994002227,0.022058824,2
2017_10_01,18.05204195,-3.994002227,0,2
2017_11_01,18.05204195,-3.994002227,0,2
2017_12_01,18.05204195,-3.994002227,0,2
2018_01_01,18.05204195,-3.994002227,0,2
2018_02_01,18.05204195,-3.994002227,0.003676471,2
2018_03_01,18.05204195,-3.994002227,0.018382353,2
2018_04_01,18.05204195,-3.994002227,0,2
2018_05_01,18.05204195,-3.994002227,0,2
2018_06_01,18.05204195,-3.994002227,0.036764706,2
2018_07_01,18.05204195,-3.994002227,0.011029412,2
2018_08_01,18.05204195,-3.994002227,0.018382353,2
2018_09_01,18.05204195,-3.994002227,0.003676471,2
2018_10_01,18.05204195,-3.994002227,0,2
2018_11_01,18.05204195,-3.994002227,0,2
2018_12_01,18.05204195,-3.994002227,0,2
2019_01_01,18.05204195,-3.994002227,0,2
2019_02_01,18.05204195,-3.994002227,0,2
2019_03_01,18.05204195,-3.994002227,0.011029412,2
2019_04_01,18.05204195,-3.994002227,0.011029412,2
2019_05_01,18.05204195,-3.994002227,0,2
2019_06_01,18.05204195,-3.994002227,0.047794118,2
2019_07_01,18.05204195,-3.994002227,0.007352941,2
2019_08_01,18.05204195,-3.994002227,0.025735294,2
2019_09_01,18.05204195,-3.994002227,0.003676471,2
2019_10_01,18.05204195,-3.994002227,0,2
2019_11_01,18.05204195,-3.994002227,0,2
2019_12_01,18.05204195,-3.994002227,0,2
2020_01_01,18.05204195,-3.994002227,0,2
2020_02_01,18.05204195,-3.994002227,0,2
2020_03_01,18.05204195,-3.994002227,0.014705882,2
2020_04_01,18.05204195,-3.994002227,0,2
2020_05_01,18.05204195,-3.994002227,0.007352941,2
2020_06_01,18.05204195,-3.994002227,0.025735294,2
2020_07_01,18.05204195,-3.994002227,0.018382353,2
2020_08_01,18.05204195,-3.994002227,0.044117647,2
2020_09_01,18.05204195,-3.994002227,0.007352941,2
2020_10_01,18.05204195,-3.994002227,0,2
2020_11_01,18.05204195,-3.994002227,0,2
2020_12_01,18.05204195,-3.994002227,0,2
2021_01_01,18.05204195,-3.994002227,0,2
2021_02_01,18.05204195,-3.994002227,0,2
2021_03_01,18.05204195,-3.994002227,0,2
2021_04_01,18.05204195,-3.994002227,0,2
2015_01_01,18.64830856,-0.497561545,0,3
2015_02_01,18.64830856,-0.497561545,0,3
2015_03_01,18.64830856,-0.497561545,0,3
2015_04_01,18.64830856,-0.497561545,0,3
2015_05_01,18.64830856,-0.497561545,0,3
2015_06_01,18.64830856,-0.497561545,0,3
2015_07_01,18.64830856,-0.497561545,0.005319149,3
2015_08_01,18.64830856,-0.497561545,0,3
2015_09_01,18.64830856,-0.497561545,0,3
2015_10_01,18.64830856,-0.497561545,0,3
2015_11_01,18.64830856,-0.497561545,0,3
2015_12_01,18.64830856,-0.497561545,0,3
2016_01_01,18.64830856,-0.497561545,0,3
2016_02_01,18.64830856,-0.497561545,0,3
2016_03_01,18.64830856,-0.497561545,0,3
2016_04_01,18.64830856,-0.497561545,0.005319149,3
2016_05_01,18.64830856,-0.497561545,0,3
2016_06_01,18.64830856,-0.497561545,0,3
2016_07_01,18.64830856,-0.497561545,0,3
2016_08_01,18.64830856,-0.497561545,0,3
2016_09_01,18.64830856,-0.497561545,0,3
2016_10_01,18.64830856,-0.497561545,0,3
2016_11_01,18.64830856,-0.497561545,0,3
2016_12_01,18.64830856,-0.497561545,0,3
2017_01_01,18.64830856,-0.497561545,0,3
2017_02_01,18.64830856,-0.497561545,0,3
2017_03_01,18.64830856,-0.497561545,0,3
2017_04_01,18.64830856,-0.497561545,0,3
2017_05_01,18.64830856,-0.497561545,0,3
2017_06_01,18.64830856,-0.497561545,0,3
2017_07_01,18.64830856,-0.497561545,0,3
2017_08_01,18.64830856,-0.497561545,0,3
2017_09_01,18.64830856,-0.497561545,0,3
2017_10_01,18.64830856,-0.497561545,0,3
2017_11_01,18.64830856,-0.497561545,0,3
2017_12_01,18.64830856,-0.497561545,0,3
2018_01_01,18.64830856,-0.497561545,0,3
2018_02_01,18.64830856,-0.497561545,0,3
2018_03_01,18.64830856,-0.497561545,0,3
2018_04_01,18.64830856,-0.497561545,0,3
2018_05_01,18.64830856,-0.497561545,0,3
2018_06_01,18.64830856,-0.497561545,0,3
2018_07_01,18.64830856,-0.497561545,0,3
2018_08_01,18.64830856,-0.497561545,0,3
2018_09_01,18.64830856,-0.497561545,0,3
2018_10_01,18.64830856,-0.497561545,0,3
2018_11_01,18.64830856,-0.497561545,0,3
2018_12_01,18.64830856,-0.497561545,0,3
2019_01_01,18.64830856,-0.497561545,0,3
2019_02_01,18.64830856,-0.497561545,0,3
2019_03_01,18.64830856,-0.497561545,0,3
2019_04_01,18.64830856,-0.497561545,0,3
2019_05_01,18.64830856,-0.497561545,0,3
2019_06_01,18.64830856,-0.497561545,0,3
2019_07_01,18.64830856,-0.497561545,0,3
2019_08_01,18.64830856,-0.497561545,0,3
2019_09_01,18.64830856,-0.497561545,0,3
2019_10_01,18.64830856,-0.497561545,0,3
2019_11_01,18.64830856,-0.497561545,0,3
2019_12_01,18.64830856,-0.497561545,0,3
2020_01_01,18.64830856,-0.497561545,0,3
2020_02_01,18.64830856,-0.497561545,0,3
2020_03_01,18.64830856,-0.497561545,0,3
2020_04_01,18.64830856,-0.497561545,0.005319149,3
2020_05_01,18.64830856,-0.497561545,0,3
2020_06_01,18.64830856,-0.497561545,0,3
2020_07_01,18.64830856,-0.497561545,0,3
2020_08_01,18.64830856,-0.497561545,0,3
2020_09_01,18.64830856,-0.497561545,0,3
2020_10_01,18.64830856,-0.497561545,0,3
2020_11_01,18.64830856,-0.497561545,0,3
2020_12_01,18.64830856,-0.497561545,0,3
2021_01_01,18.64830856,-0.497561545,0,3
2021_02_01,18.64830856,-0.497561545,0,3
2021_03_01,18.64830856,-0.497561545,0,3
2021_04_01,18.64830856,-0.497561545,0,3
2015_01_01,19.21421533,3.167403547,0.010416667,4
2015_02_01,19.21421533,3.167403547,0,4
2015_03_01,19.21421533,3.167403547,0,4
2015_04_01,19.21421533,3.167403547,0,4
2015_05_01,19.21421533,3.167403547,0,4
2015_06_01,19.21421533,3.167403547,0,4
2015_07_01,19.21421533,3.167403547,0,4
2015_08_01,19.21421533,3.167403547,0,4
2015_09_01,19.21421533,3.167403547,0,4
2015_10_01,19.21421533,3.167403547,0,4
2015_11_01,19.21421533,3.167403547,0.020833333,4
2015_12_01,19.21421533,3.167403547,0.083333333,4
2016_01_01,19.21421533,3.167403547,0.020833333,4
2016_02_01,19.21421533,3.167403547,0.020833333,4
2016_03_01,19.21421533,3.167403547,0,4
2016_04_01,19.21421533,3.167403547,0,4
2016_05_01,19.21421533,3.167403547,0,4
2016_06_01,19.21421533,3.167403547,0,4
2016_07_01,19.21421533,3.167403547,0,4
2016_08_01,19.21421533,3.167403547,0,4
2016_09_01,19.21421533,3.167403547,0,4
2016_10_01,19.21421533,3.167403547,0,4
2016_11_01,19.21421533,3.167403547,0.020833333,4
2016_12_01,19.21421533,3.167403547,0.0625,4
2017_01_01,19.21421533,3.167403547,0.03125,4
2017_02_01,19.21421533,3.167403547,0.041666667,4
2017_03_01,19.21421533,3.167403547,0,4
2017_04_01,19.21421533,3.167403547,0,4
2017_05_01,19.21421533,3.167403547,0,4
2017_06_01,19.21421533,3.167403547,0,4
2017_07_01,19.21421533,3.167403547,0,4
2017_08_01,19.21421533,3.167403547,0,4
2017_09_01,19.21421533,3.167403547,0,4
2017_10_01,19.21421533,3.167403547,0,4
2017_11_01,19.21421533,3.167403547,0.010416667,4
2017_12_01,19.21421533,3.167403547,0.03125,4
2018_01_01,19.21421533,3.167403547,0.072916667,4
2018_02_01,19.21421533,3.167403547,0,4
2018_03_01,19.21421533,3.167403547,0,4
2018_04_01,19.21421533,3.167403547,0.010416667,4
2018_05_01,19.21421533,3.167403547,0,4
2018_06_01,19.21421533,3.167403547,0,4
2018_07_01,19.21421533,3.167403547,0,4
2018_08_01,19.21421533,3.167403547,0,4
2018_09_01,19.21421533,3.167403547,0,4
2018_10_01,19.21421533,3.167403547,0.010416667,4
2018_11_01,19.21421533,3.167403547,0.03125,4
2018_12_01,19.21421533,3.167403547,0.03125,4
2019_01_01,19.21421533,3.167403547,0.0625,4
2019_02_01,19.21421533,3.167403547,0.010416667,4
2019_03_01,19.21421533,3.167403547,0,4
2019_04_01,19.21421533,3.167403547,0,4
2019_05_01,19.21421533,3.167403547,0,4
2019_06_01,19.21421533,3.167403547,0,4
2019_07_01,19.21421533,3.167403547,0,4
2019_08_01,19.21421533,3.167403547,0,4
2019_09_01,19.21421533,3.167403547,0,4
2019_10_01,19.21421533,3.167403547,0,4
2019_11_01,19.21421533,3.167403547,0.041666667,4
2019_12_01,19.21421533,3.167403547,0.041666667,4
2020_01_01,19.21421533,3.167403547,0.052083333,4
2020_02_01,19.21421533,3.167403547,0.010416667,4
2020_03_01,19.21421533,3.167403547,0,4
2020_04_01,19.21421533,3.167403547,0,4
2020_05_01,19.21421533,3.167403547,0,4
2020_06_01,19.21421533,3.167403547,0,4
2020_07_01,19.21421533,3.167403547,0,4
2020_08_01,19.21421533,3.167403547,0,4
2020_09_01,19.21421533,3.167403547,0,4
2020_10_01,19.21421533,3.167403547,0,4
2020_11_01,19.21421533,3.167403547,0.041666667,4
2020_12_01,19.21421533,3.167403547,0.041666667,4
2021_01_01,19.21421533,3.167403547,0.020833333,4
2021_02_01,19.21421533,3.167403547,0.03125,4
2021_03_01,19.21421533,3.167403547,0.010416667,4
2021_04_01,19.21421533,3.167403547,0,4
2015_01_01,22.95644709,-10.4257415,0,5
2015_02_01,22.95644709,-10.4257415,0,5
2015_03_01,22.95644709,-10.4257415,0,5
2015_04_01,22.95644709,-10.4257415,0,5
2015_05_01,22.95644709,-10.4257415,0,5
2015_06_01,22.95644709,-10.4257415,0,5
2015_07_01,22.95644709,-10.4257415,0.088235294,5
2015_08_01,22.95644709,-10.4257415,0.147058824,5
2015_09_01,22.95644709,-10.4257415,0.088235294,5
2015_10_01,22.95644709,-10.4257415,0,5
2015_11_01,22.95644709,-10.4257415,0,5
2015_12_01,22.95644709,-10.4257415,0,5
2016_01_01,22.95644709,-10.4257415,0,5
2016_02_01,22.95644709,-10.4257415,0,5
2016_03_01,22.95644709,-10.4257415,0,5
2016_04_01,22.95644709,-10.4257415,0,5
2016_05_01,22.95644709,-10.4257415,0.058823529,5
2016_06_01,22.95644709,-10.4257415,0,5
2016_07_01,22.95644709,-10.4257415,0.117647059,5
2016_08_01,22.95644709,-10.4257415,0.058823529,5
2016_09_01,22.95644709,-10.4257415,0.029411765,5
2016_10_01,22.95644709,-10.4257415,0,5
2016_11_01,22.95644709,-10.4257415,0,5
2016_12_01,22.95644709,-10.4257415,0,5
2017_01_01,22.95644709,-10.4257415,0,5
2017_02_01,22.95644709,-10.4257415,0,5
2017_03_01,22.95644709,-10.4257415,0,5
2017_04_01,22.95644709,-10.4257415,0,5
2017_05_01,22.95644709,-10.4257415,0,5
2017_06_01,22.95644709,-10.4257415,0.029411765,5
2017_07_01,22.95644709,-10.4257415,0.088235294,5
2017_08_01,22.95644709,-10.4257415,0.088235294,5
2017_09_01,22.95644709,-10.4257415,0.058823529,5
2017_10_01,22.95644709,-10.4257415,0,5
2017_11_01,22.95644709,-10.4257415,0,5
2017_12_01,22.95644709,-10.4257415,0,5
2018_01_01,22.95644709,-10.4257415,0,5
2018_02_01,22.95644709,-10.4257415,0,5
2018_03_01,22.95644709,-10.4257415,0,5
2018_04_01,22.95644709,-10.4257415,0,5
2018_05_01,22.95644709,-10.4257415,0,5
2018_06_01,22.95644709,-10.4257415,0.058823529,5
2018_07_01,22.95644709,-10.4257415,0.058823529,5
2018_08_01,22.95644709,-10.4257415,0.147058824,5
2018_09_01,22.95644709,-10.4257415,0.029411765,5
2018_10_01,22.95644709,-10.4257415,0,5
2018_11_01,22.95644709,-10.4257415,0,5
2018_12_01,22.95644709,-10.4257415,0,5
2019_01_01,22.95644709,-10.4257415,0,5
2019_02_01,22.95644709,-10.4257415,0,5
2019_03_01,22.95644709,-10.4257415,0,5
2019_04_01,22.95644709,-10.4257415,0,5
2019_05_01,22.95644709,-10.4257415,0,5
2019_06_01,22.95644709,-10.4257415,0.058823529,5
2019_07_01,22.95644709,-10.4257415,0.205882353,5
2019_08_01,22.95644709,-10.4257415,0.117647059,5
2019_09_01,22.95644709,-10.4257415,0,5
2019_10_01,22.95644709,-10.4257415,0,5
2019_11_01,22.95644709,-10.4257415,0,5
2019_12_01,22.95644709,-10.4257415,0,5
2020_01_01,22.95644709,-10.4257415,0,5
2020_02_01,22.95644709,-10.4257415,0,5
2020_03_01,22.95644709,-10.4257415,0,5
2020_04_01,22.95644709,-10.4257415,0,5
2020_05_01,22.95644709,-10.4257415,0,5
2020_06_01,22.95644709,-10.4257415,0,5
2020_07_01,22.95644709,-10.4257415,0.117647059,5
2020_08_01,22.95644709,-10.4257415,0.058823529,5
2020_09_01,22.95644709,-10.4257415,0.058823529,5
2020_10_01,22.95644709,-10.4257415,0,5
2020_11_01,22.95644709,-10.4257415,0,5
2020_12_01,22.95644709,-10.4257415,0,5
2021_01_01,22.95644709,-10.4257415,0,5
2021_02_01,22.95644709,-10.4257415,0,5
2021_03_01,22.95644709,-10.4257415,0,5
2021_04_01,22.95644709,-10.4257415,0,5
2015_01_01,22.2866693,-7.574396542,0,6
2015_02_01,22.2866693,-7.574396542,0,6
2015_03_01,22.2866693,-7.574396542,0,6
2015_04_01,22.2866693,-7.574396542,0.005649718,6
2015_05_01,22.2866693,-7.574396542,0.050847458,6
2015_06_01,22.2866693,-7.574396542,0.056497175,6
2015_07_01,22.2866693,-7.574396542,0.101694915,6
2015_08_01,22.2866693,-7.574396542,0.028248588,6
2015_09_01,22.2866693,-7.574396542,0,6
2015_10_01,22.2866693,-7.574396542,0,6
2015_11_01,22.2866693,-7.574396542,0,6
2015_12_01,22.2866693,-7.574396542,0,6
2016_01_01,22.2866693,-7.574396542,0,6
2016_02_01,22.2866693,-7.574396542,0,6
2016_03_01,22.2866693,-7.574396542,0,6
2016_04_01,22.2866693,-7.574396542,0.011299435,6
2016_05_01,22.2866693,-7.574396542,0.033898305,6
2016_06_01,22.2866693,-7.574396542,0.06779661,6
2016_07_01,22.2866693,-7.574396542,0.073446328,6
2016_08_01,22.2866693,-7.574396542,0.062146893,6
2016_09_01,22.2866693,-7.574396542,0.005649718,6
2016_10_01,22.2866693,-7.574396542,0,6
2016_11_01,22.2866693,-7.574396542,0,6
2016_12_01,22.2866693,-7.574396542,0,6
2017_01_01,22.2866693,-7.574396542,0,6
2017_02_01,22.2866693,-7.574396542,0,6
2017_03_01,22.2866693,-7.574396542,0,6
2017_04_01,22.2866693,-7.574396542,0,6
2017_05_01,22.2866693,-7.574396542,0.02259887,6
2017_06_01,22.2866693,-7.574396542,0.107344633,6
2017_07_01,22.2866693,-7.574396542,0.06779661,6
2017_08_01,22.2866693,-7.574396542,0.056497175,6
2017_09_01,22.2866693,-7.574396542,0.011299435,6
2017_10_01,22.2866693,-7.574396542,0,6
2017_11_01,22.2866693,-7.574396542,0,6
2017_12_01,22.2866693,-7.574396542,0,6
2018_01_01,22.2866693,-7.574396542,0,6
2018_02_01,22.2866693,-7.574396542,0,6
2018_03_01,22.2866693,-7.574396542,0,6
2018_04_01,22.2866693,-7.574396542,0,6
2018_05_01,22.2866693,-7.574396542,0.028248588,6
2018_06_01,22.2866693,-7.574396542,0.079096045,6
2018_07_01,22.2866693,-7.574396542,0.056497175,6
2018_08_01,22.2866693,-7.574396542,0.033898305,6
2018_09_01,22.2866693,-7.574396542,0.005649718,6
2018_10_01,22.2866693,-7.574396542,0,6
2018_11_01,22.2866693,-7.574396542,0,6
2018_12_01,22.2866693,-7.574396542,0,6
2019_01_01,22.2866693,-7.574396542,0,6
2019_02_01,22.2866693,-7.574396542,0.005649718,6
2019_03_01,22.2866693,-7.574396542,0,6
2019_04_01,22.2866693,-7.574396542,0.005649718,6
2019_05_01,22.2866693,-7.574396542,0.028248588,6
2019_06_01,22.2866693,-7.574396542,0.11299435,6
2019_07_01,22.2866693,-7.574396542,0.06779661,6
2019_08_01,22.2866693,-7.574396542,0.016949153,6
2019_09_01,22.2866693,-7.574396542,0,6
2019_10_01,22.2866693,-7.574396542,0,6
2019_11_01,22.2866693,-7.574396542,0,6
2019_12_01,22.2866693,-7.574396542,0,6
2020_01_01,22.2866693,-7.574396542,0,6
2020_02_01,22.2866693,-7.574396542,0,6
2020_03_01,22.2866693,-7.574396542,0,6
2020_04_01,22.2866693,-7.574396542,0.016949153,6
2020_05_01,22.2866693,-7.574396542,0.096045198,6
2020_06_01,22.2866693,-7.574396542,0.062146893,6
2020_07_01,22.2866693,-7.574396542,0.09039548,6
2020_08_01,22.2866693,-7.574396542,0.033898305,6
2020_09_01,22.2866693,-7.574396542,0,6
2020_10_01,22.2866693,-7.574396542,0,6
2020_11_01,22.2866693,-7.574396542,0,6
2020_12_01,22.2866693,-7.574396542,0,6
2021_01_01,22.2866693,-7.574396542,0,6
2021_02_01,22.2866693,-7.574396542,0,6
2021_03_01,22.2866693,-7.574396542,0,6
2021_04_01,22.2866693,-7.574396542,0,6
2015_01_01,21.78860479,-4.059849987,0,7
2015_02_01,21.78860479,-4.059849987,0,7
2015_03_01,21.78860479,-4.059849987,0,7
2015_04_01,21.78860479,-4.059849987,0,7
2015_05_01,21.78860479,-4.059849987,0,7
2015_06_01,21.78860479,-4.059849987,0.010830325,7
2015_07_01,21.78860479,-4.059849987,0.010830325,7
2015_08_01,21.78860479,-4.059849987,0.007220217,7
2015_09_01,21.78860479,-4.059849987,0,7
2015_10_01,21.78860479,-4.059849987,0,7
2015_11_01,21.78860479,-4.059849987,0,7
2015_12_01,21.78860479,-4.059849987,0,7
2016_01_01,21.78860479,-4.059849987,0,7
2016_02_01,21.78860479,-4.059849987,0,7
2016_03_01,21.78860479,-4.059849987,0,7
2016_04_01,21.78860479,-4.059849987,0.003610108,7
2016_05_01,21.78860479,-4.059849987,0.010830325,7
2016_06_01,21.78860479,-4.059849987,0.007220217,7
2016_07_01,21.78860479,-4.059849987,0.010830325,7
2016_08_01,21.78860479,-4.059849987,0,7
2016_09_01,21.78860479,-4.059849987,0,7
2016_10_01,21.78860479,-4.059849987,0,7
2016_11_01,21.78860479,-4.059849987,0,7
2016_12_01,21.78860479,-4.059849987,0,7
2017_01_01,21.78860479,-4.059849987,0,7
2017_02_01,21.78860479,-4.059849987,0,7
2017_03_01,21.78860479,-4.059849987,0,7
2017_04_01,21.78860479,-4.059849987,0,7
2017_05_01,21.78860479,-4.059849987,0.010830325,7
2017_06_01,21.78860479,-4.059849987,0.010830325,7
2017_07_01,21.78860479,-4.059849987,0.007220217,7
2017_08_01,21.78860479,-4.059849987,0,7
2017_09_01,21.78860479,-4.059849987,0,7
2017_10_01,21.78860479,-4.059849987,0,7
2017_11_01,21.78860479,-4.059849987,0,7
2017_12_01,21.78860479,-4.059849987,0,7
2018_01_01,21.78860479,-4.059849987,0,7
2018_02_01,21.78860479,-4.059849987,0,7
2018_03_01,21.78860479,-4.059849987,0.003610108,7
2018_04_01,21.78860479,-4.059849987,0.003610108,7
2018_05_01,21.78860479,-4.059849987,0,7
2018_06_01,21.78860479,-4.059849987,0.025270758,7
2018_07_01,21.78860479,-4.059849987,0.014440433,7
2018_08_01,21.78860479,-4.059849987,0.003610108,7
2018_09_01,21.78860479,-4.059849987,0,7
2018_10_01,21.78860479,-4.059849987,0,7
2018_11_01,21.78860479,-4.059849987,0,7
2018_12_01,21.78860479,-4.059849987,0,7
2019_01_01,21.78860479,-4.059849987,0,7
2019_02_01,21.78860479,-4.059849987,0,7
2019_03_01,21.78860479,-4.059849987,0,7
2019_04_01,21.78860479,-4.059849987,0,7
2019_05_01,21.78860479,-4.059849987,0,7
2019_06_01,21.78860479,-4.059849987,0.014440433,7
2019_07_01,21.78860479,-4.059849987,0.003610108,7
2019_08_01,21.78860479,-4.059849987,0,7
2019_09_01,21.78860479,-4.059849987,0,7
2019_10_01,21.78860479,-4.059849987,0,7
2019_11_01,21.78860479,-4.059849987,0,7
2019_12_01,21.78860479,-4.059849987,0,7
2020_01_01,21.78860479,-4.059849987,0,7
2020_02_01,21.78860479,-4.059849987,0.003610108,7
2020_03_01,21.78860479,-4.059849987,0.003610108,7
2020_04_01,21.78860479,-4.059849987,0,7
2020_05_01,21.78860479,-4.059849987,0.007220217,7
2020_06_01,21.78860479,-4.059849987,0.014440433,7
2020_07_01,21.78860479,-4.059849987,0.018050542,7
2020_08_01,21.78860479,-4.059849987,0.007220217,7
2020_09_01,21.78860479,-4.059849987,0,7
2020_10_01,21.78860479,-4.059849987,0,7
2020_11_01,21.78860479,-4.059849987,0,7
2020_12_01,21.78860479,-4.059849987,0,7
2021_01_01,21.78860479,-4.059849987,0,7
2021_02_01,21.78860479,-4.059849987,0,7
2021_03_01,21.78860479,-4.059849987,0,7
2021_04_01,21.78860479,-4.059849987,0,7
2015_01_01,21.84897043,-0.265935516,0,8
2015_02_01,21.84897043,-0.265935516,0,8
2015_03_01,21.84897043,-0.265935516,0,8
2015_04_01,21.84897043,-0.265935516,0,8
2015_05_01,21.84897043,-0.265935516,0,8
2015_06_01,21.84897043,-0.265935516,0,8
2015_07_01,21.84897043,-0.265935516,0,8
2015_08_01,21.84897043,-0.265935516,0,8
2015_09_01,21.84897043,-0.265935516,0,8
2015_10_01,21.84897043,-0.265935516,0,8
2015_11_01,21.84897043,-0.265935516,0,8
2015_12_01,21.84897043,-0.265935516,0,8
2016_01_01,21.84897043,-0.265935516,0,8
2016_02_01,21.84897043,-0.265935516,0,8
2016_03_01,21.84897043,-0.265935516,0,8
2016_04_01,21.84897043,-0.265935516,0,8
2016_05_01,21.84897043,-0.265935516,0,8
2016_06_01,21.84897043,-0.265935516,0,8
2016_07_01,21.84897043,-0.265935516,0,8
2016_08_01,21.84897043,-0.265935516,0,8
2016_09_01,21.84897043,-0.265935516,0,8
2016_10_01,21.84897043,-0.265935516,0,8
2016_11_01,21.84897043,-0.265935516,0,8
2016_12_01,21.84897043,-0.265935516,0,8
2017_01_01,21.84897043,-0.265935516,0,8
2017_02_01,21.84897043,-0.265935516,0,8
2017_03_01,21.84897043,-0.265935516,0,8
2017_04_01,21.84897043,-0.265935516,0,8
2017_05_01,21.84897043,-0.265935516,0,8
2017_06_01,21.84897043,-0.265935516,0,8
2017_07_01,21.84897043,-0.265935516,0,8
2017_08_01,21.84897043,-0.265935516,0,8
2017_09_01,21.84897043,-0.265935516,0,8
2017_10_01,21.84897043,-0.265935516,0,8
2017_11_01,21.84897043,-0.265935516,0,8
2017_12_01,21.84897043,-0.265935516,0,8
2018_01_01,21.84897043,-0.265935516,0,8
2018_02_01,21.84897043,-0.265935516,0,8
2018_03_01,21.84897043,-0.265935516,0,8
2018_04_01,21.84897043,-0.265935516,0,8
2018_05_01,21.84897043,-0.265935516,0,8
2018_06_01,21.84897043,-0.265935516,0,8
2018_07_01,21.84897043,-0.265935516,0,8
2018_08_01,21.84897043,-0.265935516,0,8
2018_09_01,21.84897043,-0.265935516,0,8
2018_10_01,21.84897043,-0.265935516,0,8
2018_11_01,21.84897043,-0.265935516,0,8
2018_12_01,21.84897043,-0.265935516,0,8
2019_01_01,21.84897043,-0.265935516,0,8
2019_02_01,21.84897043,-0.265935516,0,8
2019_03_01,21.84897043,-0.265935516,0,8
2019_04_01,21.84897043,-0.265935516,0,8
2019_05_01,21.84897043,-0.265935516,0,8
2019_06_01,21.84897043,-0.265935516,0,8
2019_07_01,21.84897043,-0.265935516,0,8
2019_08_01,21.84897043,-0.265935516,0,8
2019_09_01,21.84897043,-0.265935516,0,8
2019_10_01,21.84897043,-0.265935516,0,8
2019_11_01,21.84897043,-0.265935516,0,8
2019_12_01,21.84897043,-0.265935516,0,8
2020_01_01,21.84897043,-0.265935516,0,8
2020_02_01,21.84897043,-0.265935516,0,8
2020_03_01,21.84897043,-0.265935516,0,8
2020_04_01,21.84897043,-0.265935516,0,8
2020_05_01,21.84897043,-0.265935516,0,8
2020_06_01,21.84897043,-0.265935516,0,8
2020_07_01,21.84897043,-0.265935516,0,8
2020_08_01,21.84897043,-0.265935516,0,8
2020_09_01,21.84897043,-0.265935516,0,8
2020_10_01,21.84897043,-0.265935516,0,8
2020_11_01,21.84897043,-0.265935516,0,8
2020_12_01,21.84897043,-0.265935516,0,8
2021_01_01,21.84897043,-0.265935516,0,8
2021_02_01,21.84897043,-0.265935516,0,8
2021_03_01,21.84897043,-0.265935516,0,8
2021_04_01,21.84897043,-0.265935516,0,8
2015_01_01,21.8027846,3.036327359,0.014492754,9
2015_02_01,21.8027846,3.036327359,0.014492754,9
2015_03_01,21.8027846,3.036327359,0.009661836,9
2015_04_01,21.8027846,3.036327359,0,9
2015_05_01,21.8027846,3.036327359,0,9
2015_06_01,21.8027846,3.036327359,0,9
2015_07_01,21.8027846,3.036327359,0,9
2015_08_01,21.8027846,3.036327359,0,9
2015_09_01,21.8027846,3.036327359,0,9
2015_10_01,21.8027846,3.036327359,0.004830918,9
2015_11_01,21.8027846,3.036327359,0.004830918,9
2015_12_01,21.8027846,3.036327359,0.009661836,9
2016_01_01,21.8027846,3.036327359,0.014492754,9
2016_02_01,21.8027846,3.036327359,0.009661836,9
2016_03_01,21.8027846,3.036327359,0,9
2016_04_01,21.8027846,3.036327359,0,9
2016_05_01,21.8027846,3.036327359,0,9
2016_06_01,21.8027846,3.036327359,0,9
2016_07_01,21.8027846,3.036327359,0,9
2016_08_01,21.8027846,3.036327359,0,9
2016_09_01,21.8027846,3.036327359,0,9
2016_10_01,21.8027846,3.036327359,0,9
2016_11_01,21.8027846,3.036327359,0,9
2016_12_01,21.8027846,3.036327359,0.004830918,9
2017_01_01,21.8027846,3.036327359,0,9
2017_02_01,21.8027846,3.036327359,0.014492754,9
2017_03_01,21.8027846,3.036327359,0,9
2017_04_01,21.8027846,3.036327359,0,9
2017_05_01,21.8027846,3.036327359,0,9
2017_06_01,21.8027846,3.036327359,0,9
2017_07_01,21.8027846,3.036327359,0,9
2017_08_01,21.8027846,3.036327359,0,9
2017_09_01,21.8027846,3.036327359,0,9
2017_10_01,21.8027846,3.036327359,0,9
2017_11_01,21.8027846,3.036327359,0,9
2017_12_01,21.8027846,3.036327359,0.009661836,9
2018_01_01,21.8027846,3.036327359,0.004830918,9
2018_02_01,21.8027846,3.036327359,0.004830918,9
2018_03_01,21.8027846,3.036327359,0.004830918,9
2018_04_01,21.8027846,3.036327359,0,9
2018_05_01,21.8027846,3.036327359,0,9
2018_06_01,21.8027846,3.036327359,0,9
2018_07_01,21.8027846,3.036327359,0,9
2018_08_01,21.8027846,3.036327359,0.004830918,9
2018_09_01,21.8027846,3.036327359,0,9
2018_10_01,21.8027846,3.036327359,0,9
2018_11_01,21.8027846,3.036327359,0,9
2018_12_01,21.8027846,3.036327359,0.014492754,9
2019_01_01,21.8027846,3.036327359,0.024154589,9
2019_02_01,21.8027846,3.036327359,0.028985507,9
2019_03_01,21.8027846,3.036327359,0,9
2019_04_01,21.8027846,3.036327359,0,9
2019_05_01,21.8027846,3.036327359,0,9
2019_06_01,21.8027846,3.036327359,0,9
2019_07_01,21.8027846,3.036327359,0,9
2019_08_01,21.8027846,3.036327359,0,9
2019_09_01,21.8027846,3.036327359,0,9
2019_10_01,21.8027846,3.036327359,0,9
2019_11_01,21.8027846,3.036327359,0,9
2019_12_01,21.8027846,3.036327359,0.004830918,9
2020_01_01,21.8027846,3.036327359,0.033816425,9
2020_02_01,21.8027846,3.036327359,0.009661836,9
2020_03_01,21.8027846,3.036327359,0.014492754,9
2020_04_01,21.8027846,3.036327359,0,9
2020_05_01,21.8027846,3.036327359,0,9
2020_06_01,21.8027846,3.036327359,0,9
2020_07_01,21.8027846,3.036327359,0,9
2020_08_01,21.8027846,3.036327359,0,9
2020_09_01,21.8027846,3.036327359,0,9
2020_10_01,21.8027846,3.036327359,0,9
2020_11_01,21.8027846,3.036327359,0.009661836,9
2020_12_01,21.8027846,3.036327359,0.009661836,9
2021_01_01,21.8027846,3.036327359,0.004830918,9
2021_02_01,21.8027846,3.036327359,0.024154589,9
2021_03_01,21.8027846,3.036327359,0.004830918,9
2021_04_01,21.8027846,3.036327359,0,9
2015_01_01,25.73002807,-10.64881164,0,10
2015_02_01,25.73002807,-10.64881164,0,10
2015_03_01,25.73002807,-10.64881164,0,10
2015_04_01,25.73002807,-10.64881164,0,10
2015_05_01,25.73002807,-10.64881164,0.043478261,10
2015_06_01,25.73002807,-10.64881164,0.086956522,10
2015_07_01,25.73002807,-10.64881164,0.108695652,10
2015_08_01,25.73002807,-10.64881164,0.130434783,10
2015_09_01,25.73002807,-10.64881164,0.007246377,10
2015_10_01,25.73002807,-10.64881164,0,10
2015_11_01,25.73002807,-10.64881164,0,10
2015_12_01,25.73002807,-10.64881164,0,10
2016_01_01,25.73002807,-10.64881164,0,10
2016_02_01,25.73002807,-10.64881164,0,10
2016_03_01,25.73002807,-10.64881164,0,10
2016_04_01,25.73002807,-10.64881164,0,10
2016_05_01,25.73002807,-10.64881164,0.079710145,10
2016_06_01,25.73002807,-10.64881164,0.123188406,10
2016_07_01,25.73002807,-10.64881164,0.065217391,10
2016_08_01,25.73002807,-10.64881164,0.123188406,10
2016_09_01,25.73002807,-10.64881164,0,10
2016_10_01,25.73002807,-10.64881164,0,10
2016_11_01,25.73002807,-10.64881164,0,10
2016_12_01,25.73002807,-10.64881164,0,10
2017_01_01,25.73002807,-10.64881164,0,10
2017_02_01,25.73002807,-10.64881164,0,10
2017_03_01,25.73002807,-10.64881164,0,10
2017_04_01,25.73002807,-10.64881164,0,10
2017_05_01,25.73002807,-10.64881164,0.043478261,10
2017_06_01,25.73002807,-10.64881164,0.072463768,10
2017_07_01,25.73002807,-10.64881164,0.094202899,10
2017_08_01,25.73002807,-10.64881164,0.130434783,10
2017_09_01,25.73002807,-10.64881164,0.028985507,10
2017_10_01,25.73002807,-10.64881164,0,10
2017_11_01,25.73002807,-10.64881164,0,10
2017_12_01,25.73002807,-10.64881164,0,10
2018_01_01,25.73002807,-10.64881164,0,10
2018_02_01,25.73002807,-10.64881164,0,10
2018_03_01,25.73002807,-10.64881164,0,10
2018_04_01,25.73002807,-10.64881164,0,10
2018_05_01,25.73002807,-10.64881164,0,10
2018_06_01,25.73002807,-10.64881164,0.043478261,10
2018_07_01,25.73002807,-10.64881164,0.057971014,10
2018_08_01,25.73002807,-10.64881164,0.217391304,10
2018_09_01,25.73002807,-10.64881164,0,10
2018_10_01,25.73002807,-10.64881164,0,10
2018_11_01,25.73002807,-10.64881164,0,10
2018_12_01,25.73002807,-10.64881164,0,10
2019_01_01,25.73002807,-10.64881164,0,10
2019_02_01,25.73002807,-10.64881164,0,10
2019_03_01,25.73002807,-10.64881164,0,10
2019_04_01,25.73002807,-10.64881164,0.014492754,10
2019_05_01,25.73002807,-10.64881164,0.043478261,10
2019_06_01,25.73002807,-10.64881164,0.050724638,10
2019_07_01,25.73002807,-10.64881164,0.123188406,10
2019_08_01,25.73002807,-10.64881164,0.137681159,10
2019_09_01,25.73002807,-10.64881164,0.007246377,10
2019_10_01,25.73002807,-10.64881164,0,10
2019_11_01,25.73002807,-10.64881164,0,10
2019_12_01,25.73002807,-10.64881164,0,10
2020_01_01,25.73002807,-10.64881164,0,10
2020_02_01,25.73002807,-10.64881164,0,10
2020_03_01,25.73002807,-10.64881164,0,10
2020_04_01,25.73002807,-10.64881164,0,10
2020_05_01,25.73002807,-10.64881164,0.007246377,10
2020_06_01,25.73002807,-10.64881164,0.086956522,10
2020_07_01,25.73002807,-10.64881164,0.173913043,10
2020_08_01,25.73002807,-10.64881164,0.065217391,10
2020_09_01,25.73002807,-10.64881164,0.057971014,10
2020_10_01,25.73002807,-10.64881164,0,10
2020_11_01,25.73002807,-10.64881164,0,10
2020_12_01,25.73002807,-10.64881164,0,10
2021_01_01,25.73002807,-10.64881164,0,10
2021_02_01,25.73002807,-10.64881164,0,10
2021_03_01,25.73002807,-10.64881164,0,10
2021_04_01,25.73002807,-10.64881164,0,10
2015_01_01,25.50029569,-7.824279499,0,11
2015_02_01,25.50029569,-7.824279499,0,11
2015_03_01,25.50029569,-7.824279499,0.003460208,11
2015_04_01,25.50029569,-7.824279499,0.006920415,11
2015_05_01,25.50029569,-7.824279499,0.062283737,11
2015_06_01,25.50029569,-7.824279499,0.07266436,11
2015_07_01,25.50029569,-7.824279499,0.121107266,11
2015_08_01,25.50029569,-7.824279499,0.131487889,11
2015_09_01,25.50029569,-7.824279499,0.034602076,11
2015_10_01,25.50029569,-7.824279499,0,11
2015_11_01,25.50029569,-7.824279499,0,11
2015_12_01,25.50029569,-7.824279499,0,11
2016_01_01,25.50029569,-7.824279499,0,11
2016_02_01,25.50029569,-7.824279499,0,11
2016_03_01,25.50029569,-7.824279499,0,11
2016_04_01,25.50029569,-7.824279499,0.027681661,11
2016_05_01,25.50029569,-7.824279499,0.051903114,11
2016_06_01,25.50029569,-7.824279499,0.083044983,11
2016_07_01,25.50029569,-7.824279499,0.114186851,11
2016_08_01,25.50029569,-7.824279499,0.138408304,11
2016_09_01,25.50029569,-7.824279499,0.01384083,11
2016_10_01,25.50029569,-7.824279499,0,11
2016_11_01,25.50029569,-7.824279499,0,11
2016_12_01,25.50029569,-7.824279499,0,11
2017_01_01,25.50029569,-7.824279499,0,11
2017_02_01,25.50029569,-7.824279499,0,11
2017_03_01,25.50029569,-7.824279499,0,11
2017_04_01,25.50029569,-7.824279499,0.010380623,11
2017_05_01,25.50029569,-7.824279499,0.121107266,11
2017_06_01,25.50029569,-7.824279499,0.134948097,11
2017_07_01,25.50029569,-7.824279499,0.08650519,11
2017_08_01,25.50029569,-7.824279499,0.100346021,11
2017_09_01,25.50029569,-7.824279499,0.01384083,11
2017_10_01,25.50029569,-7.824279499,0,11
2017_11_01,25.50029569,-7.824279499,0,11
2017_12_01,25.50029569,-7.824279499,0,11
2018_01_01,25.50029569,-7.824279499,0,11
2018_02_01,25.50029569,-7.824279499,0,11
2018_03_01,25.50029569,-7.824279499,0,11
2018_04_01,25.50029569,-7.824279499,0.006920415,11
2018_05_01,25.50029569,-7.824279499,0.041522491,11
2018_06_01,25.50029569,-7.824279499,0.058823529,11
2018_07_01,25.50029569,-7.824279499,0.152249135,11
2018_08_01,25.50029569,-7.824279499,0.107266436,11
2018_09_01,25.50029569,-7.824279499,0.024221453,11
2018_10_01,25.50029569,-7.824279499,0,11
2018_11_01,25.50029569,-7.824279499,0,11
2018_12_01,25.50029569,-7.824279499,0,11
2019_01_01,25.50029569,-7.824279499,0,11
2019_02_01,25.50029569,-7.824279499,0,11
2019_03_01,25.50029569,-7.824279499,0.006920415,11
2019_04_01,25.50029569,-7.824279499,0.020761246,11
2019_05_01,25.50029569,-7.824279499,0.055363322,11
2019_06_01,25.50029569,-7.824279499,0.124567474,11
2019_07_01,25.50029569,-7.824279499,0.166089965,11
2019_08_01,25.50029569,-7.824279499,0.103806228,11
2019_09_01,25.50029569,-7.824279499,0,11
2019_10_01,25.50029569,-7.824279499,0,11
2019_11_01,25.50029569,-7.824279499,0,11
2019_12_01,25.50029569,-7.824279499,0,11
2020_01_01,25.50029569,-7.824279499,0,11
2020_02_01,25.50029569,-7.824279499,0,11
2020_03_01,25.50029569,-7.824279499,0,11
2020_04_01,25.50029569,-7.824279499,0.01384083,11
2020_05_01,25.50029569,-7.824279499,0.051903114,11
2020_06_01,25.50029569,-7.824279499,0.051903114,11
2020_07_01,25.50029569,-7.824279499,0.162629758,11
2020_08_01,25.50029569,-7.824279499,0.08650519,11
2020_09_01,25.50029569,-7.824279499,0.041522491,11
2020_10_01,25.50029569,-7.824279499,0.006920415,11
2020_11_01,25.50029569,-7.824279499,0,11
2020_12_01,25.50029569,-7.824279499,0,11
2021_01_01,25.50029569,-7.824279499,0,11
2021_02_01,25.50029569,-7.824279499,0,11
2021_03_01,25.50029569,-7.824279499,0,11
2021_04_01,25.50029569,-7.824279499,0.027681661,11
2015_01_01,25.45964691,-4.067881589,0,12
2015_02_01,25.45964691,-4.067881589,0.014084507,12
2015_03_01,25.45964691,-4.067881589,0.01056338,12
2015_04_01,25.45964691,-4.067881589,0,12
2015_05_01,25.45964691,-4.067881589,0.021126761,12
2015_06_01,25.45964691,-4.067881589,0.021126761,12
2015_07_01,25.45964691,-4.067881589,0.084507042,12
2015_08_01,25.45964691,-4.067881589,0.014084507,12
2015_09_01,25.45964691,-4.067881589,0.007042254,12
2015_10_01,25.45964691,-4.067881589,0,12
2015_11_01,25.45964691,-4.067881589,0,12
2015_12_01,25.45964691,-4.067881589,0,12
2016_01_01,25.45964691,-4.067881589,0,12
2016_02_01,25.45964691,-4.067881589,0.003521127,12
2016_03_01,25.45964691,-4.067881589,0,12
2016_04_01,25.45964691,-4.067881589,0.014084507,12
2016_05_01,25.45964691,-4.067881589,0.035211268,12
2016_06_01,25.45964691,-4.067881589,0.056338028,12
2016_07_01,25.45964691,-4.067881589,0.028169014,12
2016_08_01,25.45964691,-4.067881589,0.024647887,12
2016_09_01,25.45964691,-4.067881589,0,12
2016_10_01,25.45964691,-4.067881589,0,12
2016_11_01,25.45964691,-4.067881589,0,12
2016_12_01,25.45964691,-4.067881589,0,12
2017_01_01,25.45964691,-4.067881589,0,12
2017_02_01,25.45964691,-4.067881589,0.003521127,12
2017_03_01,25.45964691,-4.067881589,0.003521127,12
2017_04_01,25.45964691,-4.067881589,0.003521127,12
2017_05_01,25.45964691,-4.067881589,0.070422535,12
2017_06_01,25.45964691,-4.067881589,0.042253521,12
2017_07_01,25.45964691,-4.067881589,0.017605634,12
2017_08_01,25.45964691,-4.067881589,0.007042254,12
2017_09_01,25.45964691,-4.067881589,0,12
2017_10_01,25.45964691,-4.067881589,0,12
2017_11_01,25.45964691,-4.067881589,0,12
2017_12_01,25.45964691,-4.067881589,0,12
2018_01_01,25.45964691,-4.067881589,0,12
2018_02_01,25.45964691,-4.067881589,0.003521127,12
2018_03_01,25.45964691,-4.067881589,0.003521127,12
2018_04_01,25.45964691,-4.067881589,0.003521127,12
2018_05_01,25.45964691,-4.067881589,0.007042254,12
2018_06_01,25.45964691,-4.067881589,0.070422535,12
2018_07_01,25.45964691,-4.067881589,0.049295775,12
2018_08_01,25.45964691,-4.067881589,0.014084507,12
2018_09_01,25.45964691,-4.067881589,0.003521127,12
2018_10_01,25.45964691,-4.067881589,0,12
2018_11_01,25.45964691,-4.067881589,0,12
2018_12_01,25.45964691,-4.067881589,0,12
2019_01_01,25.45964691,-4.067881589,0,12
2019_02_01,25.45964691,-4.067881589,0,12
2019_03_01,25.45964691,-4.067881589,0.007042254,12
2019_04_01,25.45964691,-4.067881589,0.007042254,12
2019_05_01,25.45964691,-4.067881589,0.024647887,12
2019_06_01,25.45964691,-4.067881589,0.049295775,12
2019_07_01,25.45964691,-4.067881589,0.035211268,12
2019_08_01,25.45964691,-4.067881589,0.003521127,12
2019_09_01,25.45964691,-4.067881589,0,12
2019_10_01,25.45964691,-4.067881589,0,12
2019_11_01,25.45964691,-4.067881589,0.003521127,12
2019_12_01,25.45964691,-4.067881589,0,12
2020_01_01,25.45964691,-4.067881589,0.007042254,12
2020_02_01,25.45964691,-4.067881589,0.01056338,12
2020_03_01,25.45964691,-4.067881589,0.003521127,12
2020_04_01,25.45964691,-4.067881589,0.01056338,12
2020_05_01,25.45964691,-4.067881589,0.028169014,12
2020_06_01,25.45964691,-4.067881589,0.028169014,12
2020_07_01,25.45964691,-4.067881589,0.066901408,12
2020_08_01,25.45964691,-4.067881589,0.017605634,12
2020_09_01,25.45964691,-4.067881589,0,12
2020_10_01,25.45964691,-4.067881589,0,12
2020_11_01,25.45964691,-4.067881589,0,12
2020_12_01,25.45964691,-4.067881589,0,12
2021_01_01,25.45964691,-4.067881589,0,12
2021_02_01,25.45964691,-4.067881589,0.01056338,12
2021_03_01,25.45964691,-4.067881589,0.007042254,12
2021_04_01,25.45964691,-4.067881589,0.003521127,12
2015_01_01,25.6107653,-0.252263834,0,13
2015_02_01,25.6107653,-0.252263834,0,13
2015_03_01,25.6107653,-0.252263834,0,13
2015_04_01,25.6107653,-0.252263834,0,13
2015_05_01,25.6107653,-0.252263834,0,13
2015_06_01,25.6107653,-0.252263834,0,13
2015_07_01,25.6107653,-0.252263834,0,13
2015_08_01,25.6107653,-0.252263834,0,13
2015_09_01,25.6107653,-0.252263834,0,13
2015_10_01,25.6107653,-0.252263834,0,13
2015_11_01,25.6107653,-0.252263834,0,13
2015_12_01,25.6107653,-0.252263834,0,13
2016_01_01,25.6107653,-0.252263834,0,13
2016_02_01,25.6107653,-0.252263834,0,13
2016_03_01,25.6107653,-0.252263834,0,13
2016_04_01,25.6107653,-0.252263834,0,13
2016_05_01,25.6107653,-0.252263834,0,13
2016_06_01,25.6107653,-0.252263834,0,13
2016_07_01,25.6107653,-0.252263834,0,13
2016_08_01,25.6107653,-0.252263834,0,13
2016_09_01,25.6107653,-0.252263834,0,13
2016_10_01,25.6107653,-0.252263834,0,13
2016_11_01,25.6107653,-0.252263834,0,13
2016_12_01,25.6107653,-0.252263834,0,13
2017_01_01,25.6107653,-0.252263834,0,13
2017_02_01,25.6107653,-0.252263834,0,13
2017_03_01,25.6107653,-0.252263834,0,13
2017_04_01,25.6107653,-0.252263834,0.003484321,13
2017_05_01,25.6107653,-0.252263834,0,13
2017_06_01,25.6107653,-0.252263834,0,13
2017_07_01,25.6107653,-0.252263834,0,13
2017_08_01,25.6107653,-0.252263834,0,13
2017_09_01,25.6107653,-0.252263834,0,13
2017_10_01,25.6107653,-0.252263834,0,13
2017_11_01,25.6107653,-0.252263834,0,13
2017_12_01,25.6107653,-0.252263834,0,13
2018_01_01,25.6107653,-0.252263834,0,13
2018_02_01,25.6107653,-0.252263834,0,13
2018_03_01,25.6107653,-0.252263834,0,13
2018_04_01,25.6107653,-0.252263834,0,13
2018_05_01,25.6107653,-0.252263834,0,13
2018_06_01,25.6107653,-0.252263834,0.003484321,13
2018_07_01,25.6107653,-0.252263834,0,13
2018_08_01,25.6107653,-0.252263834,0,13
2018_09_01,25.6107653,-0.252263834,0,13
2018_10_01,25.6107653,-0.252263834,0,13
2018_11_01,25.6107653,-0.252263834,0,13
2018_12_01,25.6107653,-0.252263834,0,13
2019_01_01,25.6107653,-0.252263834,0,13
2019_02_01,25.6107653,-0.252263834,0,13
2019_03_01,25.6107653,-0.252263834,0,13
2019_04_01,25.6107653,-0.252263834,0,13
2019_05_01,25.6107653,-0.252263834,0,13
2019_06_01,25.6107653,-0.252263834,0.003484321,13
2019_07_01,25.6107653,-0.252263834,0,13
2019_08_01,25.6107653,-0.252263834,0,13
2019_09_01,25.6107653,-0.252263834,0,13
2019_10_01,25.6107653,-0.252263834,0,13
2019_11_01,25.6107653,-0.252263834,0,13
2019_12_01,25.6107653,-0.252263834,0,13
2020_01_01,25.6107653,-0.252263834,0,13
2020_02_01,25.6107653,-0.252263834,0,13
2020_03_01,25.6107653,-0.252263834,0,13
2020_04_01,25.6107653,-0.252263834,0,13
2020_05_01,25.6107653,-0.252263834,0,13
2020_06_01,25.6107653,-0.252263834,0,13
2020_07_01,25.6107653,-0.252263834,0,13
2020_08_01,25.6107653,-0.252263834,0,13
2020_09_01,25.6107653,-0.252263834,0,13
2020_10_01,25.6107653,-0.252263834,0,13
2020_11_01,25.6107653,-0.252263834,0,13
2020_12_01,25.6107653,-0.252263834,0,13
2021_01_01,25.6107653,-0.252263834,0,13
2021_02_01,25.6107653,-0.252263834,0,13
2021_03_01,25.6107653,-0.252263834,0,13
2021_04_01,25.6107653,-0.252263834,0,13
2015_01_01,25.52047567,3.376899463,0.027131783,14
2015_02_01,25.52047567,3.376899463,0.003875969,14
2015_03_01,25.52047567,3.376899463,0,14
2015_04_01,25.52047567,3.376899463,0.003875969,14
2015_05_01,25.52047567,3.376899463,0,14
2015_06_01,25.52047567,3.376899463,0,14
2015_07_01,25.52047567,3.376899463,0,14
2015_08_01,25.52047567,3.376899463,0,14
2015_09_01,25.52047567,3.376899463,0,14
2015_10_01,25.52047567,3.376899463,0,14
2015_11_01,25.52047567,3.376899463,0.003875969,14
2015_12_01,25.52047567,3.376899463,0.031007752,14
2016_01_01,25.52047567,3.376899463,0.027131783,14
2016_02_01,25.52047567,3.376899463,0,14
2016_03_01,25.52047567,3.376899463,0,14
2016_04_01,25.52047567,3.376899463,0,14
2016_05_01,25.52047567,3.376899463,0,14
2016_06_01,25.52047567,3.376899463,0,14
2016_07_01,25.52047567,3.376899463,0,14
2016_08_01,25.52047567,3.376899463,0,14
2016_09_01,25.52047567,3.376899463,0,14
2016_10_01,25.52047567,3.376899463,0,14
2016_11_01,25.52047567,3.376899463,0,14
2016_12_01,25.52047567,3.376899463,0.034883721,14
2017_01_01,25.52047567,3.376899463,0.015503876,14
2017_02_01,25.52047567,3.376899463,0.003875969,14
2017_03_01,25.52047567,3.376899463,0,14
2017_04_01,25.52047567,3.376899463,0,14
2017_05_01,25.52047567,3.376899463,0,14
2017_06_01,25.52047567,3.376899463,0,14
2017_07_01,25.52047567,3.376899463,0,14
2017_08_01,25.52047567,3.376899463,0,14
2017_09_01,25.52047567,3.376899463,0,14
2017_10_01,25.52047567,3.376899463,0,14
2017_11_01,25.52047567,3.376899463,0,14
2017_12_01,25.52047567,3.376899463,0.03875969,14
2018_01_01,25.52047567,3.376899463,0.015503876,14
2018_02_01,25.52047567,3.376899463,0.003875969,14
2018_03_01,25.52047567,3.376899463,0,14
2018_04_01,25.52047567,3.376899463,0,14
2018_05_01,25.52047567,3.376899463,0,14
2018_06_01,25.52047567,3.376899463,0,14
2018_07_01,25.52047567,3.376899463,0,14
2018_08_01,25.52047567,3.376899463,0,14
2018_09_01,25.52047567,3.376899463,0,14
2018_10_01,25.52047567,3.376899463,0,14
2018_11_01,25.52047567,3.376899463,0.019379845,14
2018_12_01,25.52047567,3.376899463,0.031007752,14
2019_01_01,25.52047567,3.376899463,0.011627907,14
2019_02_01,25.52047567,3.376899463,0,14
2019_03_01,25.52047567,3.376899463,0,14
2019_04_01,25.52047567,3.376899463,0,14
2019_05_01,25.52047567,3.376899463,0,14
2019_06_01,25.52047567,3.376899463,0,14
2019_07_01,25.52047567,3.376899463,0,14
2019_08_01,25.52047567,3.376899463,0,14
2019_09_01,25.52047567,3.376899463,0,14
2019_10_01,25.52047567,3.376899463,0,14
2019_11_01,25.52047567,3.376899463,0.003875969,14
2019_12_01,25.52047567,3.376899463,0.003875969,14
2020_01_01,25.52047567,3.376899463,0.031007752,14
2020_02_01,25.52047567,3.376899463,0.007751938,14
2020_03_01,25.52047567,3.376899463,0,14
2020_04_01,25.52047567,3.376899463,0,14
2020_05_01,25.52047567,3.376899463,0,14
2020_06_01,25.52047567,3.376899463,0,14
2020_07_01,25.52047567,3.376899463,0,14
2020_08_01,25.52047567,3.376899463,0,14
2020_09_01,25.52047567,3.376899463,0,14
2020_10_01,25.52047567,3.376899463,0,14
2020_11_01,25.52047567,3.376899463,0.003875969,14
2020_12_01,25.52047567,3.376899463,0.015503876,14
2021_01_01,25.52047567,3.376899463,0.03875969,14
2021_02_01,25.52047567,3.376899463,0.011627907,14
2021_03_01,25.52047567,3.376899463,0.003875969,14
2021_04_01,25.52047567,3.376899463,0,14
2015_01_01,28.36894807,-11.53361124,0,15
2015_02_01,28.36894807,-11.53361124,0,15
2015_03_01,28.36894807,-11.53361124,0,15
2015_04_01,28.36894807,-11.53361124,0,15
2015_05_01,28.36894807,-11.53361124,0,15
2015_06_01,28.36894807,-11.53361124,0,15
2015_07_01,28.36894807,-11.53361124,0.112359551,15
2015_08_01,28.36894807,-11.53361124,0.202247191,15
2015_09_01,28.36894807,-11.53361124,0.112359551,15
2015_10_01,28.36894807,-11.53361124,0.011235955,15
2015_11_01,28.36894807,-11.53361124,0,15
2015_12_01,28.36894807,-11.53361124,0,15
2016_01_01,28.36894807,-11.53361124,0,15
2016_02_01,28.36894807,-11.53361124,0,15
2016_03_01,28.36894807,-11.53361124,0,15
2016_04_01,28.36894807,-11.53361124,0,15
2016_05_01,28.36894807,-11.53361124,0.011235955,15
2016_06_01,28.36894807,-11.53361124,0.056179775,15
2016_07_01,28.36894807,-11.53361124,0.112359551,15
2016_08_01,28.36894807,-11.53361124,0.08988764,15
2016_09_01,28.36894807,-11.53361124,0.078651685,15
2016_10_01,28.36894807,-11.53361124,0.011235955,15
2016_11_01,28.36894807,-11.53361124,0,15
2016_12_01,28.36894807,-11.53361124,0,15
2017_01_01,28.36894807,-11.53361124,0,15
2017_02_01,28.36894807,-11.53361124,0,15
2017_03_01,28.36894807,-11.53361124,0,15
2017_04_01,28.36894807,-11.53361124,0,15
2017_05_01,28.36894807,-11.53361124,0.011235955,15
2017_06_01,28.36894807,-11.53361124,0.02247191,15
2017_07_01,28.36894807,-11.53361124,0.06741573,15
2017_08_01,28.36894807,-11.53361124,0.146067416,15
2017_09_01,28.36894807,-11.53361124,0.101123596,15
2017_10_01,28.36894807,-11.53361124,0.011235955,15
2017_11_01,28.36894807,-11.53361124,0,15
2017_12_01,28.36894807,-11.53361124,0,15
2018_01_01,28.36894807,-11.53361124,0,15
2018_02_01,28.36894807,-11.53361124,0,15
2018_03_01,28.36894807,-11.53361124,0,15
2018_04_01,28.36894807,-11.53361124,0,15
2018_05_01,28.36894807,-11.53361124,0.011235955,15
2018_06_01,28.36894807,-11.53361124,0.011235955,15
2018_07_01,28.36894807,-11.53361124,0.02247191,15
2018_08_01,28.36894807,-11.53361124,0.247191011,15
2018_09_01,28.36894807,-11.53361124,0.06741573,15
2018_10_01,28.36894807,-11.53361124,0,15
2018_11_01,28.36894807,-11.53361124,0,15
2018_12_01,28.36894807,-11.53361124,0,15
2019_01_01,28.36894807,-11.53361124,0,15
2019_02_01,28.36894807,-11.53361124,0,15
2019_03_01,28.36894807,-11.53361124,0,15
2019_04_01,28.36894807,-11.53361124,0,15
2019_05_01,28.36894807,-11.53361124,0.011235955,15
2019_06_01,28.36894807,-11.53361124,0.04494382,15
2019_07_01,28.36894807,-11.53361124,0.112359551,15
2019_08_01,28.36894807,-11.53361124,0.123595506,15
2019_09_01,28.36894807,-11.53361124,0.06741573,15
2019_10_01,28.36894807,-11.53361124,0,15
2019_11_01,28.36894807,-11.53361124,0,15
2019_12_01,28.36894807,-11.53361124,0,15
2020_01_01,28.36894807,-11.53361124,0,15
2020_02_01,28.36894807,-11.53361124,0,15
2020_03_01,28.36894807,-11.53361124,0,15
2020_04_01,28.36894807,-11.53361124,0.02247191,15
2020_05_01,28.36894807,-11.53361124,0,15
2020_06_01,28.36894807,-11.53361124,0,15
2020_07_01,28.36894807,-11.53361124,0.078651685,15
2020_08_01,28.36894807,-11.53361124,0.168539326,15
2020_09_01,28.36894807,-11.53361124,0.134831461,15
2020_10_01,28.36894807,-11.53361124,0.011235955,15
2020_11_01,28.36894807,-11.53361124,0,15
2020_12_01,28.36894807,-11.53361124,0,15
2021_01_01,28.36894807,-11.53361124,0,15
2021_02_01,28.36894807,-11.53361124,0,15
2021_03_01,28.36894807,-11.53361124,0,15
2021_04_01,28.36894807,-11.53361124,0,15
2015_01_01,28.67107977,-7.569753554,0,16
2015_02_01,28.67107977,-7.569753554,0,16
2015_03_01,28.67107977,-7.569753554,0,16
2015_04_01,28.67107977,-7.569753554,0.005555556,16
2015_05_01,28.67107977,-7.569753554,0.027777778,16
2015_06_01,28.67107977,-7.569753554,0.094444444,16
2015_07_01,28.67107977,-7.569753554,0.161111111,16
2015_08_01,28.67107977,-7.569753554,0.055555556,16
2015_09_01,28.67107977,-7.569753554,0.005555556,16
2015_10_01,28.67107977,-7.569753554,0.005555556,16
2015_11_01,28.67107977,-7.569753554,0,16
2015_12_01,28.67107977,-7.569753554,0,16
2016_01_01,28.67107977,-7.569753554,0,16
2016_02_01,28.67107977,-7.569753554,0,16
2016_03_01,28.67107977,-7.569753554,0,16
2016_04_01,28.67107977,-7.569753554,0,16
2016_05_01,28.67107977,-7.569753554,0.022222222,16
2016_06_01,28.67107977,-7.569753554,0.088888889,16
2016_07_01,28.67107977,-7.569753554,0.061111111,16
2016_08_01,28.67107977,-7.569753554,0.066666667,16
2016_09_01,28.67107977,-7.569753554,0.027777778,16
2016_10_01,28.67107977,-7.569753554,0.011111111,16
2016_11_01,28.67107977,-7.569753554,0,16
2016_12_01,28.67107977,-7.569753554,0,16
2017_01_01,28.67107977,-7.569753554,0,16
2017_02_01,28.67107977,-7.569753554,0,16
2017_03_01,28.67107977,-7.569753554,0,16
2017_04_01,28.67107977,-7.569753554,0,16
2017_05_01,28.67107977,-7.569753554,0.061111111,16
2017_06_01,28.67107977,-7.569753554,0.1,16
2017_07_01,28.67107977,-7.569753554,0.061111111,16
2017_08_01,28.67107977,-7.569753554,0.055555556,16
2017_09_01,28.67107977,-7.569753554,0.038888889,16
2017_10_01,28.67107977,-7.569753554,0.016666667,16
2017_11_01,28.67107977,-7.569753554,0,16
2017_12_01,28.67107977,-7.569753554,0,16
2018_01_01,28.67107977,-7.569753554,0,16
2018_02_01,28.67107977,-7.569753554,0,16
2018_03_01,28.67107977,-7.569753554,0,16
2018_04_01,28.67107977,-7.569753554,0,16
2018_05_01,28.67107977,-7.569753554,0.011111111,16
2018_06_01,28.67107977,-7.569753554,0.038888889,16
2018_07_01,28.67107977,-7.569753554,0.077777778,16
2018_08_01,28.67107977,-7.569753554,0.088888889,16
2018_09_01,28.67107977,-7.569753554,0.016666667,16
2018_10_01,28.67107977,-7.569753554,0.011111111,16
2018_11_01,28.67107977,-7.569753554,0,16
2018_12_01,28.67107977,-7.569753554,0,16
2019_01_01,28.67107977,-7.569753554,0,16
2019_02_01,28.67107977,-7.569753554,0,16
2019_03_01,28.67107977,-7.569753554,0,16
2019_04_01,28.67107977,-7.569753554,0,16
2019_05_01,28.67107977,-7.569753554,0.027777778,16
2019_06_01,28.67107977,-7.569753554,0.127777778,16
2019_07_01,28.67107977,-7.569753554,0.066666667,16
2019_08_01,28.67107977,-7.569753554,0.044444444,16
2019_09_01,28.67107977,-7.569753554,0.016666667,16
2019_10_01,28.67107977,-7.569753554,0.011111111,16
2019_11_01,28.67107977,-7.569753554,0,16
2019_12_01,28.67107977,-7.569753554,0,16
2020_01_01,28.67107977,-7.569753554,0,16
2020_02_01,28.67107977,-7.569753554,0,16
2020_03_01,28.67107977,-7.569753554,0,16
2020_04_01,28.67107977,-7.569753554,0,16
2020_05_01,28.67107977,-7.569753554,0.016666667,16
2020_06_01,28.67107977,-7.569753554,0.061111111,16
2020_07_01,28.67107977,-7.569753554,0.116666667,16
2020_08_01,28.67107977,-7.569753554,0.077777778,16
2020_09_01,28.67107977,-7.569753554,0.016666667,16
2020_10_01,28.67107977,-7.569753554,0.011111111,16
2020_11_01,28.67107977,-7.569753554,0,16
2020_12_01,28.67107977,-7.569753554,0,16
2021_01_01,28.67107977,-7.569753554,0,16
2021_02_01,28.67107977,-7.569753554,0,16
2021_03_01,28.67107977,-7.569753554,0,16
2021_04_01,28.67107977,-7.569753554,0,16
2015_01_01,28.28555279,-4.090688253,0,17
2015_02_01,28.28555279,-4.090688253,0,17
2015_03_01,28.28555279,-4.090688253,0,17
2015_04_01,28.28555279,-4.090688253,0,17
2015_05_01,28.28555279,-4.090688253,0.006666667,17
2015_06_01,28.28555279,-4.090688253,0.013333333,17
2015_07_01,28.28555279,-4.090688253,0.046666667,17
2015_08_01,28.28555279,-4.090688253,0.006666667,17
2015_09_01,28.28555279,-4.090688253,0.013333333,17
2015_10_01,28.28555279,-4.090688253,0,17
2015_11_01,28.28555279,-4.090688253,0,17
2015_12_01,28.28555279,-4.090688253,0,17
2016_01_01,28.28555279,-4.090688253,0,17
2016_02_01,28.28555279,-4.090688253,0,17
2016_03_01,28.28555279,-4.090688253,0,17
2016_04_01,28.28555279,-4.090688253,0.006666667,17
2016_05_01,28.28555279,-4.090688253,0.033333333,17
2016_06_01,28.28555279,-4.090688253,0.006666667,17
2016_07_01,28.28555279,-4.090688253,0.013333333,17
2016_08_01,28.28555279,-4.090688253,0.013333333,17
2016_09_01,28.28555279,-4.090688253,0,17
2016_10_01,28.28555279,-4.090688253,0,17
2016_11_01,28.28555279,-4.090688253,0,17
2016_12_01,28.28555279,-4.090688253,0,17
2017_01_01,28.28555279,-4.090688253,0,17
2017_02_01,28.28555279,-4.090688253,0,17
2017_03_01,28.28555279,-4.090688253,0,17
2017_04_01,28.28555279,-4.090688253,0.006666667,17
2017_05_01,28.28555279,-4.090688253,0.066666667,17
2017_06_01,28.28555279,-4.090688253,0.013333333,17
2017_07_01,28.28555279,-4.090688253,0.013333333,17
2017_08_01,28.28555279,-4.090688253,0,17
2017_09_01,28.28555279,-4.090688253,0,17
2017_10_01,28.28555279,-4.090688253,0,17
2017_11_01,28.28555279,-4.090688253,0,17
2017_12_01,28.28555279,-4.090688253,0,17
2018_01_01,28.28555279,-4.090688253,0,17
2018_02_01,28.28555279,-4.090688253,0,17
2018_03_01,28.28555279,-4.090688253,0,17
2018_04_01,28.28555279,-4.090688253,0,17
2018_05_01,28.28555279,-4.090688253,0.013333333,17
2018_06_01,28.28555279,-4.090688253,0.026666667,17
2018_07_01,28.28555279,-4.090688253,0.033333333,17
2018_08_01,28.28555279,-4.090688253,0.006666667,17
2018_09_01,28.28555279,-4.090688253,0,17
2018_10_01,28.28555279,-4.090688253,0,17
2018_11_01,28.28555279,-4.090688253,0,17
2018_12_01,28.28555279,-4.090688253,0,17
2019_01_01,28.28555279,-4.090688253,0.006666667,17
2019_02_01,28.28555279,-4.090688253,0,17
2019_03_01,28.28555279,-4.090688253,0,17
2019_04_01,28.28555279,-4.090688253,0.006666667,17
2019_05_01,28.28555279,-4.090688253,0.013333333,17
2019_06_01,28.28555279,-4.090688253,0.02,17
2019_07_01,28.28555279,-4.090688253,0.026666667,17
2019_08_01,28.28555279,-4.090688253,0.026666667,17
2019_09_01,28.28555279,-4.090688253,0,17
2019_10_01,28.28555279,-4.090688253,0,17
2019_11_01,28.28555279,-4.090688253,0,17
2019_12_01,28.28555279,-4.090688253,0,17
2020_01_01,28.28555279,-4.090688253,0,17
2020_02_01,28.28555279,-4.090688253,0,17
2020_03_01,28.28555279,-4.090688253,0,17
2020_04_01,28.28555279,-4.090688253,0,17
2020_05_01,28.28555279,-4.090688253,0.02,17
2020_06_01,28.28555279,-4.090688253,0.04,17
2020_07_01,28.28555279,-4.090688253,0.026666667,17
2020_08_01,28.28555279,-4.090688253,0.026666667,17
2020_09_01,28.28555279,-4.090688253,0,17
2020_10_01,28.28555279,-4.090688253,0,17
2020_11_01,28.28555279,-4.090688253,0,17
2020_12_01,28.28555279,-4.090688253,0,17
2021_01_01,28.28555279,-4.090688253,0,17
2021_02_01,28.28555279,-4.090688253,0,17
2021_03_01,28.28555279,-4.090688253,0,17
2021_04_01,28.28555279,-4.090688253,0,17
2015_01_01,28.67540846,-0.108735636,0,18
2015_02_01,28.67540846,-0.108735636,0,18
2015_03_01,28.67540846,-0.108735636,0,18
2015_04_01,28.67540846,-0.108735636,0,18
2015_05_01,28.67540846,-0.108735636,0,18
2015_06_01,28.67540846,-0.108735636,0,18
2015_07_01,28.67540846,-0.108735636,0,18
2015_08_01,28.67540846,-0.108735636,0,18
2015_09_01,28.67540846,-0.108735636,0,18
2015_10_01,28.67540846,-0.108735636,0,18
2015_11_01,28.67540846,-0.108735636,0,18
2015_12_01,28.67540846,-0.108735636,0,18
2016_01_01,28.67540846,-0.108735636,0,18
2016_02_01,28.67540846,-0.108735636,0.010989011,18
2016_03_01,28.67540846,-0.108735636,0,18
2016_04_01,28.67540846,-0.108735636,0,18
2016_05_01,28.67540846,-0.108735636,0.005494505,18
2016_06_01,28.67540846,-0.108735636,0,18
2016_07_01,28.67540846,-0.108735636,0.005494505,18
2016_08_01,28.67540846,-0.108735636,0,18
2016_09_01,28.67540846,-0.108735636,0.005494505,18
2016_10_01,28.67540846,-0.108735636,0,18
2016_11_01,28.67540846,-0.108735636,0,18
2016_12_01,28.67540846,-0.108735636,0.005494505,18
2017_01_01,28.67540846,-0.108735636,0.005494505,18
2017_02_01,28.67540846,-0.108735636,0,18
2017_03_01,28.67540846,-0.108735636,0,18
2017_04_01,28.67540846,-0.108735636,0,18
2017_05_01,28.67540846,-0.108735636,0,18
2017_06_01,28.67540846,-0.108735636,0.005494505,18
2017_07_01,28.67540846,-0.108735636,0.005494505,18
2017_08_01,28.67540846,-0.108735636,0,18
2017_09_01,28.67540846,-0.108735636,0,18
2017_10_01,28.67540846,-0.108735636,0,18
2017_11_01,28.67540846,-0.108735636,0,18
2017_12_01,28.67540846,-0.108735636,0,18
2018_01_01,28.67540846,-0.108735636,0.005494505,18
2018_02_01,28.67540846,-0.108735636,0,18
2018_03_01,28.67540846,-0.108735636,0,18
2018_04_01,28.67540846,-0.108735636,0,18
2018_05_01,28.67540846,-0.108735636,0,18
2018_06_01,28.67540846,-0.108735636,0,18
2018_07_01,28.67540846,-0.108735636,0,18
2018_08_01,28.67540846,-0.108735636,0,18
2018_09_01,28.67540846,-0.108735636,0,18
2018_10_01,28.67540846,-0.108735636,0,18
2018_11_01,28.67540846,-0.108735636,0,18
2018_12_01,28.67540846,-0.108735636,0,18
2019_01_01,28.67540846,-0.108735636,0.005494505,18
2019_02_01,28.67540846,-0.108735636,0.005494505,18
2019_03_01,28.67540846,-0.108735636,0,18
2019_04_01,28.67540846,-0.108735636,0,18
2019_05_01,28.67540846,-0.108735636,0,18
2019_06_01,28.67540846,-0.108735636,0,18
2019_07_01,28.67540846,-0.108735636,0.005494505,18
2019_08_01,28.67540846,-0.108735636,0,18
2019_09_01,28.67540846,-0.108735636,0,18
2019_10_01,28.67540846,-0.108735636,0,18
2019_11_01,28.67540846,-0.108735636,0,18
2019_12_01,28.67540846,-0.108735636,0,18
2020_01_01,28.67540846,-0.108735636,0.010989011,18
2020_02_01,28.67540846,-0.108735636,0.005494505,18
2020_03_01,28.67540846,-0.108735636,0,18
2020_04_01,28.67540846,-0.108735636,0,18
2020_05_01,28.67540846,-0.108735636,0,18
2020_06_01,28.67540846,-0.108735636,0,18
2020_07_01,28.67540846,-0.108735636,0.010989011,18
2020_08_01,28.67540846,-0.108735636,0,18
2020_09_01,28.67540846,-0.108735636,0,18
2020_10_01,28.67540846,-0.108735636,0,18
2020_11_01,28.67540846,-0.108735636,0,18
2020_12_01,28.67540846,-0.108735636,0,18
2021_01_01,28.67540846,-0.108735636,0,18
2021_02_01,28.67540846,-0.108735636,0.005494505,18
2021_03_01,28.67540846,-0.108735636,0,18
2021_04_01,28.67540846,-0.108735636,0,18
2015_01_01,29.01066228,3.011096956,0.04784689,19
2015_02_01,29.01066228,3.011096956,0,19
2015_03_01,29.01066228,3.011096956,0.004784689,19
2015_04_01,29.01066228,3.011096956,0,19
2015_05_01,29.01066228,3.011096956,0,19
2015_06_01,29.01066228,3.011096956,0,19
2015_07_01,29.01066228,3.011096956,0,19
2015_08_01,29.01066228,3.011096956,0,19
2015_09_01,29.01066228,3.011096956,0,19
2015_10_01,29.01066228,3.011096956,0,19
2015_11_01,29.01066228,3.011096956,0,19
2015_12_01,29.01066228,3.011096956,0.009569378,19
2016_01_01,29.01066228,3.011096956,0.071770335,19
2016_02_01,29.01066228,3.011096956,0.009569378,19
2016_03_01,29.01066228,3.011096956,0,19
2016_04_01,29.01066228,3.011096956,0,19
2016_05_01,29.01066228,3.011096956,0,19
2016_06_01,29.01066228,3.011096956,0,19
2016_07_01,29.01066228,3.011096956,0,19
2016_08_01,29.01066228,3.011096956,0,19
2016_09_01,29.01066228,3.011096956,0,19
2016_10_01,29.01066228,3.011096956,0,19
2016_11_01,29.01066228,3.011096956,0,19
2016_12_01,29.01066228,3.011096956,0.014354067,19
2017_01_01,29.01066228,3.011096956,0.057416268,19
2017_02_01,29.01066228,3.011096956,0.009569378,19
2017_03_01,29.01066228,3.011096956,0.004784689,19
2017_04_01,29.01066228,3.011096956,0,19
2017_05_01,29.01066228,3.011096956,0,19
2017_06_01,29.01066228,3.011096956,0,19
2017_07_01,29.01066228,3.011096956,0,19
2017_08_01,29.01066228,3.011096956,0,19
2017_09_01,29.01066228,3.011096956,0,19
2017_10_01,29.01066228,3.011096956,0,19
2017_11_01,29.01066228,3.011096956,0,19
2017_12_01,29.01066228,3.011096956,0.028708134,19
2018_01_01,29.01066228,3.011096956,0.033492823,19
2018_02_01,29.01066228,3.011096956,0.004784689,19
2018_03_01,29.01066228,3.011096956,0,19
2018_04_01,29.01066228,3.011096956,0,19
2018_05_01,29.01066228,3.011096956,0,19
2018_06_01,29.01066228,3.011096956,0,19
2018_07_01,29.01066228,3.011096956,0,19
2018_08_01,29.01066228,3.011096956,0,19
2018_09_01,29.01066228,3.011096956,0,19
2018_10_01,29.01066228,3.011096956,0,19
2018_11_01,29.01066228,3.011096956,0,19
2018_12_01,29.01066228,3.011096956,0.009569378,19
2019_01_01,29.01066228,3.011096956,0.014354067,19
2019_02_01,29.01066228,3.011096956,0.033492823,19
2019_03_01,29.01066228,3.011096956,0,19
2019_04_01,29.01066228,3.011096956,0,19
2019_05_01,29.01066228,3.011096956,0,19
2019_06_01,29.01066228,3.011096956,0,19
2019_07_01,29.01066228,3.011096956,0,19
2019_08_01,29.01066228,3.011096956,0,19
2019_09_01,29.01066228,3.011096956,0,19
2019_10_01,29.01066228,3.011096956,0,19
2019_11_01,29.01066228,3.011096956,0.004784689,19
2019_12_01,29.01066228,3.011096956,0.004784689,19
2020_01_01,29.01066228,3.011096956,0.038277512,19
2020_02_01,29.01066228,3.011096956,0.023923445,19
2020_03_01,29.01066228,3.011096956,0,19
2020_04_01,29.01066228,3.011096956,0,19
2020_05_01,29.01066228,3.011096956,0,19
2020_06_01,29.01066228,3.011096956,0,19
2020_07_01,29.01066228,3.011096956,0,19
2020_08_01,29.01066228,3.011096956,0,19
2020_09_01,29.01066228,3.011096956,0,19
2020_10_01,29.01066228,3.011096956,0,19
2020_11_01,29.01066228,3.011096956,0,19
2020_12_01,29.01066228,3.011096956,0.014354067,19
2021_01_01,29.01066228,3.011096956,0.043062201,19
2021_02_01,29.01066228,3.011096956,0.023923445,19
2021_03_01,29.01066228,3.011096956,0,19
2021_04_01,29.01066228,3.011096956,0,19
