burn_area_forecast,lon,lat,area,date
0.006728614105304662,14.49689738,-5.130335927,0,2021-05-01
0.019419097112089126,14.49689738,-5.130335927,0,2021-06-01
0.0183449175425549,14.49689738,-5.130335927,0,2021-07-01
0.04761440540246519,14.49689738,-5.130335927,0,2021-08-01
0.0061363077164213135,14.49689738,-5.130335927,0,2021-09-01
0.0,14.49689738,-5.130335927,0,2021-10-01
0.0,14.49689738,-5.130335927,0,2021-11-01
0.0,14.49689738,-5.130335927,0,2021-12-01
0.0,14.49689738,-5.130335927,0,2022-01-01
0.0,14.49689738,-5.130335927,0,2022-02-01
0.0,14.49689738,-5.130335927,0,2022-03-01
0.001397528067257172,14.49689738,-5.130335927,0,2022-04-01
0.013879913725852096,14.49689738,-5.130335927,0,2022-05-01
0.010997439597980198,14.49689738,-5.130335927,0,2022-06-01
0.018539563336405683,14.49689738,-5.130335927,0,2022-07-01
0.05238190390432956,14.49689738,-5.130335927,0,2022-08-01
0.0059556499657611945,14.49689738,-5.130335927,0,2022-09-01
0.0,14.49689738,-5.130335927,0,2022-10-01
0.0,14.49689738,-5.130335927,0,2022-11-01
0.0,14.49689738,-5.130335927,0,2022-12-01
0.0,14.49689738,-5.130335927,0,2023-01-01
0.0,14.49689738,-5.130335927,0,2023-02-01
0.0,14.49689738,-5.130335927,0,2023-03-01
0.0001818894803400958,14.49689738,-5.130335927,0,2023-04-01
0.01159016620835751,14.49689738,-5.130335927,0,2023-05-01
0.013643502879626332,14.49689738,-5.130335927,0,2023-06-01
0.018473828948772367,14.49689738,-5.130335927,0,2023-07-01
0.05087568850834069,14.49689738,-5.130335927,0,2023-08-01
0.006012101446314552,14.49689738,-5.130335927,0,2023-09-01
0.0,14.49689738,-5.130335927,0,2023-10-01
0.0,14.49689738,-5.130335927,0,2023-11-01
0.0,14.49689738,-5.130335927,0,2023-12-01
0.0,14.49689738,-5.130335927,0,2024-01-01
0.0,14.49689738,-5.130335927,0,2024-02-01
0.0,14.49689738,-5.130335927,0,2024-03-01
0.0005655530118721349,14.49689738,-5.130335927,0,2024-04-01
0.012312826288361417,14.49689738,-5.130335927,0,2024-05-01
0.012808386835632226,14.49689738,-5.130335927,0,2024-06-01
0.018494575156746306,14.49689738,-5.130335927,0,2024-07-01
0.05135106055948847,14.49689738,-5.130335927,0,2024-08-01
0.00599428496335511,14.49689738,-5.130335927,0,2024-09-01
0.0,14.49689738,-5.130335927,0,2024-10-01
0.0,14.49689738,-5.130335927,0,2024-11-01
0.0,14.49689738,-5.130335927,0,2024-12-01
0.0,14.49689738,-5.130335927,0,2025-01-01
0.0,14.49689738,-5.130335927,0,2025-02-01
0.0,14.49689738,-5.130335927,0,2025-03-01
0.0004444661317994349,14.49689738,-5.130335927,0,2025-04-01
0.012084749738865188,14.49689738,-5.130335927,0,2025-05-01
0.013071955269827644,14.49689738,-5.130335927,0,2025-06-01
0.018488027509158154,14.49689738,-5.130335927,0,2025-07-01
0.0512010298325224,14.49689738,-5.130335927,0,2025-08-01
0.005999907969343623,14.49689738,-5.130335927,0,2025-09-01
0.0,14.49689738,-5.130335927,0,2025-10-01
0.0,14.49689738,-5.130335927,0,2025-11-01
0.0,14.49689738,-5.130335927,0,2025-12-01
0.0,14.49689738,-5.130335927,0,2026-01-01
0.0,14.49689738,-5.130335927,0,2026-02-01
0.0,14.49689738,-5.130335927,0,2026-03-01
0.0004826819936690856,14.49689738,-5.130335927,0,2026-04-01
0.050531481452294975,18.33094002,-6.787365899,1,2021-05-01
0.24469638411708056,18.33094002,-6.787365899,1,2021-06-01
0.1343557385690017,18.33094002,-6.787365899,1,2021-07-01
0.009811879571989262,18.33094002,-6.787365899,1,2021-08-01
1.7730846822770242e-06,18.33094002,-6.787365899,1,2021-09-01
0.0,18.33094002,-6.787365899,1,2021-10-01
3.8819009304698466e-05,18.33094002,-6.787365899,1,2021-11-01
0.0,18.33094002,-6.787365899,1,2021-12-01
0.004004898358692504,18.33094002,-6.787365899,1,2022-01-01
0.00027142889419070205,18.33094002,-6.787365899,1,2022-02-01
0.008439899788092238,18.33094002,-6.787365899,1,2022-03-01
0.0022087565026916757,18.33094002,-6.787365899,1,2022-04-01
0.048238184761837395,18.33094002,-6.787365899,1,2022-05-01
0.23597934736946183,18.33094002,-6.787365899,1,2022-06-01
0.14910175968371753,18.33094002,-6.787365899,1,2022-07-01
0.011297992780481386,18.33094002,-6.787365899,1,2022-08-01
2.2373336134235406e-06,18.33094002,-6.787365899,1,2022-09-01
0.0,18.33094002,-6.787365899,1,2022-10-01
4.4419334606490135e-05,18.33094002,-6.787365899,1,2022-11-01
0.0,18.33094002,-6.787365899,1,2022-12-01
0.0014466366843517249,18.33094002,-6.787365899,1,2023-01-01
0.0011278339301495186,18.33094002,-6.787365899,1,2023-02-01
0.011028863913615081,18.33094002,-6.787365899,1,2023-03-01
0.002302668848730149,18.33094002,-6.787365899,1,2023-04-01
0.04901947078438009,18.33094002,-6.787365899,1,2023-05-01
0.2387401473945014,18.33094002,-6.787365899,1,2023-06-01
0.14441396027314388,18.33094002,-6.787365899,1,2023-07-01
0.010824625975297061,18.33094002,-6.787365899,1,2023-08-01
2.239627935099422e-06,18.33094002,-6.787365899,1,2023-09-01
0.0,18.33094002,-6.787365899,1,2023-10-01
4.2645986338522294e-05,18.33094002,-6.787365899,1,2023-11-01
0.0,18.33094002,-6.787365899,1,2023-12-01
0.0022603988992420344,18.33094002,-6.787365899,1,2024-01-01
0.000855418503799718,18.33094002,-6.787365899,1,2024-02-01
0.010205335961597726,18.33094002,-6.787365899,1,2024-03-01
0.002272796106400759,18.33094002,-6.787365899,1,2024-04-01
0.04877095019394928,18.33094002,-6.787365899,1,2024-05-01
0.2378619598470673,18.33094002,-6.787365899,1,2024-06-01
0.14590511031252273,18.33094002,-6.787365899,1,2024-07-01
0.010975200022576818,18.33094002,-6.787365899,1,2024-08-01
2.2388981340765854e-06,18.33094002,-6.787365899,1,2024-09-01
0.0,18.33094002,-6.787365899,1,2024-10-01
4.321007368715027e-05,18.33094002,-6.787365899,1,2024-11-01
0.0,18.33094002,-6.787365899,1,2024-12-01
0.002001547900629199,18.33094002,-6.787365899,1,2025-01-01
0.0009420715872900752,18.33094002,-6.787365899,1,2025-02-01
0.010467293360042453,18.33094002,-6.787365899,1,2025-03-01
0.002282298377508676,18.33094002,-6.787365899,1,2025-04-01
0.048850002528687556,18.33094002,-6.787365899,1,2025-05-01
0.23814130400862107,18.33094002,-6.787365899,1,2025-06-01
0.1454307878756831,18.33094002,-6.787365899,1,2025-07-01
0.0109273036693297,18.33094002,-6.787365899,1,2025-08-01
2.239130277717686e-06,18.33094002,-6.787365899,1,2025-09-01
0.0,18.33094002,-6.787365899,1,2025-10-01
4.303064218882627e-05,18.33094002,-6.787365899,1,2025-11-01
0.0,18.33094002,-6.787365899,1,2025-12-01
0.0020838862523698196,18.33094002,-6.787365899,1,2026-01-01
0.0009145079614741669,18.33094002,-6.787365899,1,2026-02-01
0.010383966888327887,18.33094002,-6.787365899,1,2026-03-01
0.0022792757840282133,18.33094002,-6.787365899,1,2026-04-01
0.004000630170791303,18.05204195,-3.9940022269999997,2,2021-05-01
0.03814350623359309,18.05204195,-3.9940022269999997,2,2021-06-01
0.012648532726557318,18.05204195,-3.9940022269999997,2,2021-07-01
0.030236317746963844,18.05204195,-3.9940022269999997,2,2021-08-01
0.006116835554622712,18.05204195,-3.9940022269999997,2,2021-09-01
0.0,18.05204195,-3.9940022269999997,2,2021-10-01
0.0,18.05204195,-3.9940022269999997,2,2021-11-01
0.0,18.05204195,-3.9940022269999997,2,2021-12-01
1.8750619988043914e-05,18.05204195,-3.9940022269999997,2,2022-01-01
0.00025518548619648683,18.05204195,-3.9940022269999997,2,2022-02-01
0.008884682589421686,18.05204195,-3.9940022269999997,2,2022-03-01
0.0016449465100742476,18.05204195,-3.9940022269999997,2,2022-04-01
0.004990585063819768,18.05204195,-3.9940022269999997,2,2022-05-01
0.034311773917076335,18.05204195,-3.9940022269999997,2,2022-06-01
0.014420398232349602,18.05204195,-3.9940022269999997,2,2022-07-01
0.034469668459716184,18.05204195,-3.9940022269999997,2,2022-08-01
0.0065075622894451715,18.05204195,-3.9940022269999997,2,2022-09-01
0.0,18.05204195,-3.9940022269999997,2,2022-10-01
0.0,18.05204195,-3.9940022269999997,2,2022-11-01
0.0,18.05204195,-3.9940022269999997,2,2022-12-01
1.3197804292083315e-05,18.05204195,-3.9940022269999997,2,2023-01-01
0.0001796020457112662,18.05204195,-3.9940022269999997,2,2023-02-01
0.006153989354441947,18.05204195,-3.9940022269999997,2,2023-03-01
0.0011595381808234286,18.05204195,-3.9940022269999997,2,2023-04-01
0.004673728879908221,18.05204195,-3.9940022269999997,2,2023-05-01
0.035533443965814746,18.05204195,-3.9940022269999997,2,2023-06-01
0.013855380442822364,18.05204195,-3.9940022269999997,2,2023-07-01
0.03311977258580276,18.05204195,-3.9940022269999997,2,2023-08-01
0.0063829704627887,18.05204195,-3.9940022269999997,2,2023-09-01
0.0,18.05204195,-3.9940022269999997,2,2023-10-01
0.0,18.05204195,-3.9940022269999997,2,2023-11-01
0.0,18.05204195,-3.9940022269999997,2,2023-12-01
1.4968436430638376e-05,18.05204195,-3.9940022269999997,2,2024-01-01
0.00020370341790091001,18.05204195,-3.9940022269999997,2,2024-02-01
0.007024728415971322,18.05204195,-3.9940022269999997,2,2024-03-01
0.0013143208519987915,18.05204195,-3.9940022269999997,2,2024-04-01
0.004774765148898552,18.05204195,-3.9940022269999997,2,2024-05-01
0.03514388873562151,18.05204195,-3.9940022269999997,2,2024-06-01
0.014035548267424309,18.05204195,-3.9940022269999997,2,2024-07-01
0.03355021532150073,18.05204195,-3.9940022269999997,2,2024-08-01
0.006422699191313622,18.05204195,-3.9940022269999997,2,2024-09-01
0.0,18.05204195,-3.9940022269999997,2,2024-10-01
0.0,18.05204195,-3.9940022269999997,2,2024-11-01
0.0,18.05204195,-3.9940022269999997,2,2024-12-01
1.4403833073918088e-05,18.05204195,-3.9940022269999997,2,2025-01-01
0.00019601818766955175,18.05204195,-3.9940022269999997,2,2025-02-01
0.006747074923604381,18.05204195,-3.9940022269999997,2,2025-03-01
0.0012649651367122395,18.05204195,-3.9940022269999997,2,2025-04-01
0.004742547606146286,18.05204195,-3.9940022269999997,2,2025-05-01
0.03526810662696428,18.05204195,-3.9940022269999997,2,2025-06-01
0.01397809796121544,18.05204195,-3.9940022269999997,2,2025-07-01
0.033412959587709935,18.05204195,-3.9940022269999997,2,2025-08-01
0.006410030849315885,18.05204195,-3.9940022269999997,2,2025-09-01
0.0,18.05204195,-3.9940022269999997,2,2025-10-01
0.0,18.05204195,-3.9940022269999997,2,2025-11-01
0.0,18.05204195,-3.9940022269999997,2,2025-12-01
1.4583868747889281e-05,18.05204195,-3.9940022269999997,2,2026-01-01
0.0001984687852224314,18.05204195,-3.9940022269999997,2,2026-02-01
0.006835610588569445,18.05204195,-3.9940022269999997,2,2026-03-01
0.0012807032462367049,18.05204195,-3.9940022269999997,2,2026-04-01
5.935966854184273e-14,18.64830856,-0.497561545,3,2021-05-01
0.0,18.64830856,-0.497561545,3,2021-06-01
0.00020220337052583547,18.64830856,-0.497561545,3,2021-07-01
0.0,18.64830856,-0.497561545,3,2021-08-01
3.2292384979583555e-21,18.64830856,-0.497561545,3,2021-09-01
0.0,18.64830856,-0.497561545,3,2021-10-01
1.2810806134292019e-20,18.64830856,-0.497561545,3,2021-11-01
9.22623025498632e-22,18.64830856,-0.497561545,3,2021-12-01
1.8000376196656324e-20,18.64830856,-0.497561545,3,2022-01-01
0.0,18.64830856,-0.497561545,3,2022-02-01
3.443512870864143e-20,18.64830856,-0.497561545,3,2022-03-01
0.002864528435416631,18.64830856,-0.497561545,3,2022-04-01
0.0,18.64830856,-0.497561545,3,2022-05-01
0.0,18.64830856,-0.497561545,3,2022-06-01
0.00010077533054251524,18.64830856,-0.497561545,3,2022-07-01
0.0,18.64830856,-0.497561545,3,2022-08-01
1.6094072826733718e-21,18.64830856,-0.497561545,3,2022-09-01
0.0,18.64830856,-0.497561545,3,2022-10-01
6.38472652232277e-21,18.64830856,-0.497561545,3,2022-11-01
4.59822406119983e-22,18.64830856,-0.497561545,3,2022-12-01
8.971135626425629e-21,18.64830856,-0.497561545,3,2023-01-01
0.0,18.64830856,-0.497561545,3,2023-02-01
1.7161989683710423e-20,18.64830856,-0.497561545,3,2023-03-01
0.001427552524856555,18.64830856,-0.497561545,3,2023-04-01
2.968682842545325e-14,18.64830856,-0.497561545,3,2023-05-01
0.0,18.64830856,-0.497561545,3,2023-06-01
0.0001516564136633498,18.64830856,-0.497561545,3,2023-07-01
0.0,18.64830856,-0.497561545,3,2023-08-01
2.4219909302872705e-21,18.64830856,-0.497561545,3,2023-09-01
0.0,18.64830856,-0.497561545,3,2023-10-01
9.608350787678552e-21,18.64830856,-0.497561545,3,2023-11-01
6.919849992929477e-22,18.64830856,-0.497561545,3,2023-12-01
1.3500628063107541e-20,18.64830856,-0.497561545,3,2024-01-01
0.0,18.64830856,-0.497561545,3,2024-02-01
2.5827009954532736e-20,18.64830856,-0.497561545,3,2024-03-01
0.0021484073373903264,18.64830856,-0.497561545,3,2024-04-01
1.4704131168003742e-14,18.64830856,-0.497561545,3,2024-05-01
0.0,18.64830856,-0.497561545,3,2024-06-01
0.00012613206536701068,18.64830856,-0.497561545,3,2024-07-01
0.0,18.64830856,-0.497561545,3,2024-08-01
2.0143606918561167e-21,18.64830856,-0.497561545,3,2024-09-01
0.0,18.64830856,-0.497561545,3,2024-10-01
7.991228991547225e-21,18.64830856,-0.497561545,3,2024-11-01
5.755213053999699e-22,18.64830856,-0.497561545,3,2024-12-01
1.1228421272915166e-20,18.64830856,-0.497561545,3,2025-01-01
0.0,18.64830856,-0.497561545,3,2025-02-01
2.1480227578417318e-20,18.64830856,-0.497561545,3,2025-03-01
0.0017867926040225507,18.64830856,-0.497561545,3,2025-04-01
2.2220157945723204e-14,18.64830856,-0.497561545,3,2025-05-01
0.0,18.64830856,-0.497561545,3,2025-06-01
0.0001389362809220459,18.64830856,-0.497561545,3,2025-07-01
0.0,18.64830856,-0.497561545,3,2025-08-01
2.218847222880619e-21,18.64830856,-0.497561545,3,2025-09-01
0.0,18.64830856,-0.497561545,3,2025-10-01
8.802453466938865e-21,18.64830856,-0.497561545,3,2025-11-01
6.339449808500971e-22,18.64830856,-0.497561545,3,2025-12-01
1.2368267242318846e-20,18.64830856,-0.497561545,3,2026-01-01
0.0,18.64830856,-0.497561545,3,2026-02-01
2.366077839477617e-20,18.64830856,-0.497561545,3,2026-03-01
0.0019681955899151105,18.64830856,-0.497561545,3,2026-04-01
0.0,19.21421533,3.1674035469999997,4,2021-05-01
0.0,19.21421533,3.1674035469999997,4,2021-06-01
0.0,19.21421533,3.1674035469999997,4,2021-07-01
0.0,19.21421533,3.1674035469999997,4,2021-08-01
0.0,19.21421533,3.1674035469999997,4,2021-09-01
0.0010511946174570162,19.21421533,3.1674035469999997,4,2021-10-01
0.04067176880231274,19.21421533,3.1674035469999997,4,2021-11-01
0.04093836501960337,19.21421533,3.1674035469999997,4,2021-12-01
0.021824360326175157,19.21421533,3.1674035469999997,4,2022-01-01
0.03140633482762971,19.21421533,3.1674035469999997,4,2022-02-01
0.010297844902109166,19.21421533,3.1674035469999997,4,2022-03-01
0.0,19.21421533,3.1674035469999997,4,2022-04-01
0.0,19.21421533,3.1674035469999997,4,2022-05-01
0.0,19.21421533,3.1674035469999997,4,2022-06-01
0.0,19.21421533,3.1674035469999997,4,2022-07-01
0.0,19.21421533,3.1674035469999997,4,2022-08-01
0.0,19.21421533,3.1674035469999997,4,2022-09-01
0.0009473870776557656,19.21421533,3.1674035469999997,4,2022-10-01
0.0404480615216683,19.21421533,3.1674035469999997,4,2022-11-01
0.0409585073985993,19.21421533,3.1674035469999997,4,2022-12-01
0.025127264492504322,19.21421533,3.1674035469999997,4,2023-01-01
0.029143193883864063,19.21421533,3.1674035469999997,4,2023-02-01
0.009229982813518105,19.21421533,3.1674035469999997,4,2023-03-01
1.6587761199256346e-05,19.21421533,3.1674035469999997,4,2023-04-01
0.0,19.21421533,3.1674035469999997,4,2023-05-01
0.0,19.21421533,3.1674035469999997,4,2023-06-01
0.0,19.21421533,3.1674035469999997,4,2023-07-01
0.0,19.21421533,3.1674035469999997,4,2023-08-01
0.0,19.21421533,3.1674035469999997,4,2023-09-01
0.0009480258184974552,19.21421533,3.1674035469999997,4,2023-10-01
0.04044940419638325,19.21421533,3.1674035469999997,4,2023-11-01
0.04095838708745765,19.21421533,3.1674035469999997,4,2023-12-01
0.0251074771173557,19.21421533,3.1674035469999997,4,2024-01-01
0.029156752183254375,19.21421533,3.1674035469999997,4,2024-02-01
0.009236380288791106,19.21421533,3.1674035469999997,4,2024-03-01
1.5938468987385947e-05,19.21421533,3.1674035469999997,4,2024-04-01
0.0,19.21421533,3.1674035469999997,4,2024-05-01
0.0,19.21421533,3.1674035469999997,4,2024-06-01
0.0,19.21421533,3.1674035469999997,4,2024-07-01
0.0,19.21421533,3.1674035469999997,4,2024-08-01
0.0,19.21421533,3.1674035469999997,4,2024-09-01
0.0009480219918534881,19.21421533,3.1674035469999997,4,2024-10-01
0.04044939615252921,19.21421533,3.1674035469999997,4,2024-11-01
0.04095838780823183,19.21421533,3.1674035469999997,4,2024-12-01
0.025107595661896503,19.21421533,3.1674035469999997,4,2025-01-01
0.029156670956595295,19.21421533,3.1674035469999997,4,2025-02-01
0.00923634196204171,19.21421533,3.1674035469999997,4,2025-03-01
1.59423588437476e-05,19.21421533,3.1674035469999997,4,2025-04-01
0.0,19.21421533,3.1674035469999997,4,2025-05-01
0.0,19.21421533,3.1674035469999997,4,2025-06-01
0.0,19.21421533,3.1674035469999997,4,2025-07-01
0.0,19.21421533,3.1674035469999997,4,2025-08-01
0.0,19.21421533,3.1674035469999997,4,2025-09-01
0.0009480220147785981,19.21421533,3.1674035469999997,4,2025-10-01
0.04044939620071928,19.21421533,3.1674035469999997,4,2025-11-01
0.040958387803913726,19.21421533,3.1674035469999997,4,2025-12-01
0.025107594951705885,19.21421533,3.1674035469999997,4,2026-01-01
0.029156671443217545,19.21421533,3.1674035469999997,4,2026-02-01
0.009236342191654121,19.21421533,3.1674035469999997,4,2026-03-01
1.5942335539937334e-05,19.21421533,3.1674035469999997,4,2026-04-01
0.01582866655990624,22.95644709,-10.425741499999999,5,2021-05-01
0.020003569643226478,22.95644709,-10.425741499999999,5,2021-06-01
0.0987960851490566,22.95644709,-10.425741499999999,5,2021-07-01
0.09473690597110773,22.95644709,-10.425741499999999,5,2021-08-01
0.04615922872450267,22.95644709,-10.425741499999999,5,2021-09-01
0.0005759990457783766,22.95644709,-10.425741499999999,5,2021-10-01
0.00044940402977871734,22.95644709,-10.425741499999999,5,2021-11-01
0.0003357132415086427,22.95644709,-10.425741499999999,5,2021-12-01
0.0003846348973829095,22.95644709,-10.425741499999999,5,2022-01-01
0.0003218554993185393,22.95644709,-10.425741499999999,5,2022-02-01
0.000268317888974449,22.95644709,-10.425741499999999,5,2022-03-01
0.0002224847826668149,22.95644709,-10.425741499999999,5,2022-04-01
0.006359614436631758,22.95644709,-10.425741499999999,5,2022-05-01
0.02883443301239592,22.95644709,-10.425741499999999,5,2022-06-01
0.12338228330005908,22.95644709,-10.425741499999999,5,2022-07-01
0.11060630923136736,22.95644709,-10.425741499999999,5,2022-08-01
0.04472201824224831,22.95644709,-10.425741499999999,5,2022-09-01
0.00022213394086097258,22.95644709,-10.425741499999999,5,2022-10-01
0.00016304566861497747,22.95644709,-10.425741499999999,5,2022-11-01
0.00010863910509842554,22.95644709,-10.425741499999999,5,2022-12-01
0.00014549116653564569,22.95644709,-10.425741499999999,5,2023-01-01
0.00011579791406257845,22.95644709,-10.425741499999999,5,2023-02-01
8.94296933399016e-05,22.95644709,-10.425741499999999,5,2023-03-01
6.562936494614057e-05,22.95644709,-10.425741499999999,5,2023-04-01
0.012399022371114087,22.95644709,-10.425741499999999,5,2023-05-01
0.021026207044306532,22.95644709,-10.425741499999999,5,2023-06-01
0.1036487446641289,22.95644709,-10.425741499999999,5,2023-07-01
0.0976955396179363,22.95644709,-10.425741499999999,5,2023-08-01
0.04520230795849258,22.95644709,-10.425741499999999,5,2023-09-01
0.0,22.95644709,-10.425741499999999,5,2023-10-01
0.0,22.95644709,-10.425741499999999,5,2023-11-01
0.0,22.95644709,-10.425741499999999,5,2023-12-01
1.2765737080332293e-05,22.95644709,-10.425741499999999,5,2024-01-01
6.921029496794747e-06,22.95644709,-10.425741499999999,5,2024-02-01
1.2750531532497905e-06,22.95644709,-10.425741499999999,5,2024-03-01
0.0,22.95644709,-10.425741499999999,5,2024-04-01
0.007605388226169638,22.95644709,-10.425741499999999,5,2024-05-01
0.02688043386397771,22.95644709,-10.425741499999999,5,2024-06-01
0.11867227967020798,22.95644709,-10.425741499999999,5,2024-07-01
0.10750300016170075,22.95644709,-10.425741499999999,5,2024-08-01
0.04475222767211123,22.95644709,-10.425741499999999,5,2024-09-01
9.408208976593817e-05,22.95644709,-10.425741499999999,5,2024-10-01
5.271497396910735e-05,22.95644709,-10.425741499999999,5,2024-11-01
1.2861521399363813e-05,22.95644709,-10.425741499999999,5,2024-12-01
7.30987269361394e-05,22.95644709,-10.425741499999999,5,2025-01-01
5.54183681945444e-05,22.95644709,-10.425741499999999,5,2025-02-01
3.932929755232984e-05,22.95644709,-10.425741499999999,5,2025-03-01
2.436953202305303e-05,22.95644709,-10.425741499999999,5,2025-04-01
0.011261618125745616,22.95644709,-10.425741499999999,5,2025-05-01
0.02237172147694931,22.95644709,-10.425741499999999,5,2025-06-01
0.10713234654954935,22.95644709,-10.425741499999999,5,2025-07-01
0.09996677999291916,22.95644709,-10.425741499999999,5,2025-08-01
0.045086783517364705,22.95644709,-10.425741499999999,5,2025-09-01
0.0,22.95644709,-10.425741499999999,5,2025-10-01
0.0,22.95644709,-10.425741499999999,5,2025-11-01
0.0,22.95644709,-10.425741499999999,5,2025-12-01
2.1373036010613064e-05,22.95644709,-10.425741499999999,5,2026-01-01
1.3619546127690034e-05,22.95644709,-10.425741499999999,5,2026-02-01
6.257129277150255e-06,22.95644709,-10.425741499999999,5,2026-03-01
0.0,22.95644709,-10.425741499999999,5,2026-04-01
0.057099974196924856,22.2866693,-7.574396542000001,6,2021-05-01
0.0749531055415701,22.2866693,-7.574396542000001,6,2021-06-01
0.07853964772898733,22.2866693,-7.574396542000001,6,2021-07-01
0.03782323770594997,22.2866693,-7.574396542000001,6,2021-08-01
0.0031077270022429235,22.2866693,-7.574396542000001,6,2021-09-01
0.0,22.2866693,-7.574396542000001,6,2021-10-01
0.0,22.2866693,-7.574396542000001,6,2021-11-01
1.4839775019857686e-06,22.2866693,-7.574396542000001,6,2021-12-01
7.809851496726285e-09,22.2866693,-7.574396542000001,6,2022-01-01
0.000998191313184671,22.2866693,-7.574396542000001,6,2022-02-01
3.031509260089406e-10,22.2866693,-7.574396542000001,6,2022-03-01
0.00396537651330551,22.2866693,-7.574396542000001,6,2022-04-01
0.04562841416560658,22.2866693,-7.574396542000001,6,2022-05-01
0.08232573515993201,22.2866693,-7.574396542000001,6,2022-06-01
0.07619511373436581,22.2866693,-7.574396542000001,6,2022-07-01
0.036788203151982043,22.2866693,-7.574396542000001,6,2022-08-01
0.0034213303874832653,22.2866693,-7.574396542000001,6,2022-09-01
0.0,22.2866693,-7.574396542000001,6,2022-10-01
0.0,22.2866693,-7.574396542000001,6,2022-11-01
1.6513668126477427e-06,22.2866693,-7.574396542000001,6,2022-12-01
2.533244242392646e-09,22.2866693,-7.574396542000001,6,2023-01-01
0.0008237051366261173,22.2866693,-7.574396542000001,6,2023-02-01
7.652059268723462e-11,22.2866693,-7.574396542000001,6,2023-03-01
0.005955759459948338,22.2866693,-7.574396542000001,6,2023-04-01
0.04919791873794711,22.2866693,-7.574396542000001,6,2023-05-01
0.07958809724207515,22.2866693,-7.574396542000001,6,2023-06-01
0.07708913226925507,22.2866693,-7.574396542000001,6,2023-07-01
0.03721079671573508,22.2866693,-7.574396542000001,6,2023-08-01
0.0032941507524610635,22.2866693,-7.574396542000001,6,2023-09-01
0.0,22.2866693,-7.574396542000001,6,2023-10-01
0.0,22.2866693,-7.574396542000001,6,2023-11-01
1.600458387965682e-06,22.2866693,-7.574396542000001,6,2023-12-01
1.346430951621868e-09,22.2866693,-7.574396542000001,6,2024-01-01
0.0008934494053426375,22.2866693,-7.574396542000001,6,2024-02-01
2.7221650390293378e-11,22.2866693,-7.574396542000001,6,2024-03-01
0.005160186714263553,22.2866693,-7.574396542000001,6,2024-04-01
0.047771157785827224,22.2866693,-7.574396542000001,6,2024-05-01
0.08068235410355114,22.2866693,-7.574396542000001,6,2024-06-01
0.07673178555466417,22.2866693,-7.574396542000001,6,2024-07-01
0.03704188252037086,22.2866693,-7.574396542000001,6,2024-08-01
0.003344985520335396,22.2866693,-7.574396542000001,6,2024-09-01
0.0,22.2866693,-7.574396542000001,6,2024-10-01
0.0,22.2866693,-7.574396542000001,6,2024-11-01
1.6208069128183082e-06,22.2866693,-7.574396542000001,6,2024-12-01
1.8208101688502071e-09,22.2866693,-7.574396542000001,6,2025-01-01
0.0008655720355821738,22.2866693,-7.574396542000001,6,2025-02-01
4.692685070999687e-11,22.2866693,-7.574396542000001,6,2025-03-01
0.005478183820132582,22.2866693,-7.574396542000001,6,2025-04-01
0.04834144611709797,22.2866693,-7.574396542000001,6,2025-05-01
0.08024497044892735,22.2866693,-7.574396542000001,6,2025-06-01
0.07687462003667486,22.2866693,-7.574396542000001,6,2025-07-01
0.037109398942416945,22.2866693,-7.574396542000001,6,2025-08-01
0.0033246664368207293,22.2866693,-7.574396542000001,6,2025-09-01
0.0,22.2866693,-7.574396542000001,6,2025-10-01
0.0,22.2866693,-7.574396542000001,6,2025-11-01
1.6126734365938688e-06,22.2866693,-7.574396542000001,6,2025-12-01
1.6311968129613177e-09,22.2866693,-7.574396542000001,6,2026-01-01
0.0008767148543264708,22.2866693,-7.574396542000001,6,2026-02-01
3.905051670226486e-11,22.2866693,-7.574396542000001,6,2026-03-01
0.00535107770709695,22.2866693,-7.574396542000001,6,2026-04-01
0.003858495201871864,21.78860479,-4.059849987,7,2021-05-01
0.014170467993397468,21.78860479,-4.059849987,7,2021-06-01
0.009668616933288654,21.78860479,-4.059849987,7,2021-07-01
0.002340006520743427,21.78860479,-4.059849987,7,2021-08-01
0.0,21.78860479,-4.059849987,7,2021-09-01
0.0,21.78860479,-4.059849987,7,2021-10-01
0.0,21.78860479,-4.059849987,7,2021-11-01
0.0,21.78860479,-4.059849987,7,2021-12-01
0.0,21.78860479,-4.059849987,7,2022-01-01
0.001022096949280051,21.78860479,-4.059849987,7,2022-02-01
0.001536129246737624,21.78860479,-4.059849987,7,2022-03-01
0.0008234451856823195,21.78860479,-4.059849987,7,2022-04-01
0.0047605925073285725,21.78860479,-4.059849987,7,2022-05-01
0.014613314308964911,21.78860479,-4.059849987,7,2022-06-01
0.01179452564368216,21.78860479,-4.059849987,7,2022-07-01
0.003478983763889318,21.78860479,-4.059849987,7,2022-08-01
0.0,21.78860479,-4.059849987,7,2022-09-01
0.0,21.78860479,-4.059849987,7,2022-10-01
0.0,21.78860479,-4.059849987,7,2022-11-01
0.0,21.78860479,-4.059849987,7,2022-12-01
0.0,21.78860479,-4.059849987,7,2023-01-01
0.0006730385629160724,21.78860479,-4.059849987,7,2023-02-01
0.001084841229547725,21.78860479,-4.059849987,7,2023-03-01
0.0006915909712361839,21.78860479,-4.059849987,7,2023-04-01
0.0043876948275648345,21.78860479,-4.059849987,7,2023-05-01
0.014451257721133814,21.78860479,-4.059849987,7,2023-06-01
0.010785851037800148,21.78860479,-4.059849987,7,2023-07-01
0.0029491938770921248,21.78860479,-4.059849987,7,2023-08-01
0.0,21.78860479,-4.059849987,7,2023-09-01
0.0,21.78860479,-4.059849987,7,2023-10-01
0.0,21.78860479,-4.059849987,7,2023-11-01
0.0,21.78860479,-4.059849987,7,2023-12-01
0.0,21.78860479,-4.059849987,7,2024-01-01
0.000853394429714808,21.78860479,-4.059849987,7,2024-02-01
0.0013141604099511201,21.78860479,-4.059849987,7,2024-03-01
0.0007613774042878533,21.78860479,-4.059849987,7,2024-04-01
0.004575876876128616,21.78860479,-4.059849987,7,2024-05-01
0.01453421825794765,21.78860479,-4.059849987,7,2024-06-01
0.011287584540781395,21.78860479,-4.059849987,7,2024-07-01
0.0032132405299403815,21.78860479,-4.059849987,7,2024-08-01
0.0,21.78860479,-4.059849987,7,2024-09-01
0.0,21.78860479,-4.059849987,7,2024-10-01
0.0,21.78860479,-4.059849987,7,2024-11-01
0.0,21.78860479,-4.059849987,7,2024-12-01
0.0,21.78860479,-4.059849987,7,2025-01-01
0.000764402947429385,21.78860479,-4.059849987,7,2025-02-01
0.0012008360987647202,21.78860479,-4.059849987,7,2025-03-01
0.0007270177506613384,21.78860479,-4.059849987,7,2025-04-01
0.004482822065834789,21.78860479,-4.059849987,7,2025-05-01
0.014493249023525232,21.78860479,-4.059849987,7,2025-06-01
0.011039145234279065,21.78860479,-4.059849987,7,2025-07-01
0.003082518919366078,21.78860479,-4.059849987,7,2025-08-01
0.0,21.78860479,-4.059849987,7,2025-09-01
0.0,21.78860479,-4.059849987,7,2025-10-01
0.0,21.78860479,-4.059849987,7,2025-11-01
0.0,21.78860479,-4.059849987,7,2025-12-01
0.0,21.78860479,-4.059849987,7,2026-01-01
0.0008085017685548788,21.78860479,-4.059849987,7,2026-02-01
0.0012569846558820983,21.78860479,-4.059849987,7,2026-03-01
0.0007440478293502271,21.78860479,-4.059849987,7,2026-04-01
0.0,21.84897043,-0.26593551600000004,8,2021-05-01
0.0,21.84897043,-0.26593551600000004,8,2021-06-01
0.0,21.84897043,-0.26593551600000004,8,2021-07-01
0.0,21.84897043,-0.26593551600000004,8,2021-08-01
0.0,21.84897043,-0.26593551600000004,8,2021-09-01
0.0,21.84897043,-0.26593551600000004,8,2021-10-01
0.0,21.84897043,-0.26593551600000004,8,2021-11-01
0.0,21.84897043,-0.26593551600000004,8,2021-12-01
0.0,21.84897043,-0.26593551600000004,8,2022-01-01
0.0,21.84897043,-0.26593551600000004,8,2022-02-01
0.0,21.84897043,-0.26593551600000004,8,2022-03-01
0.0,21.84897043,-0.26593551600000004,8,2022-04-01
0.0,21.84897043,-0.26593551600000004,8,2022-05-01
0.0,21.84897043,-0.26593551600000004,8,2022-06-01
0.0,21.84897043,-0.26593551600000004,8,2022-07-01
0.0,21.84897043,-0.26593551600000004,8,2022-08-01
0.0,21.84897043,-0.26593551600000004,8,2022-09-01
0.0,21.84897043,-0.26593551600000004,8,2022-10-01
0.0,21.84897043,-0.26593551600000004,8,2022-11-01
0.0,21.84897043,-0.26593551600000004,8,2022-12-01
0.0,21.84897043,-0.26593551600000004,8,2023-01-01
0.0,21.84897043,-0.26593551600000004,8,2023-02-01
0.0,21.84897043,-0.26593551600000004,8,2023-03-01
0.0,21.84897043,-0.26593551600000004,8,2023-04-01
0.0,21.84897043,-0.26593551600000004,8,2023-05-01
0.0,21.84897043,-0.26593551600000004,8,2023-06-01
0.0,21.84897043,-0.26593551600000004,8,2023-07-01
0.0,21.84897043,-0.26593551600000004,8,2023-08-01
0.0,21.84897043,-0.26593551600000004,8,2023-09-01
0.0,21.84897043,-0.26593551600000004,8,2023-10-01
0.0,21.84897043,-0.26593551600000004,8,2023-11-01
0.0,21.84897043,-0.26593551600000004,8,2023-12-01
0.0,21.84897043,-0.26593551600000004,8,2024-01-01
0.0,21.84897043,-0.26593551600000004,8,2024-02-01
0.0,21.84897043,-0.26593551600000004,8,2024-03-01
0.0,21.84897043,-0.26593551600000004,8,2024-04-01
0.0,21.84897043,-0.26593551600000004,8,2024-05-01
0.0,21.84897043,-0.26593551600000004,8,2024-06-01
0.0,21.84897043,-0.26593551600000004,8,2024-07-01
0.0,21.84897043,-0.26593551600000004,8,2024-08-01
0.0,21.84897043,-0.26593551600000004,8,2024-09-01
0.0,21.84897043,-0.26593551600000004,8,2024-10-01
0.0,21.84897043,-0.26593551600000004,8,2024-11-01
0.0,21.84897043,-0.26593551600000004,8,2024-12-01
0.0,21.84897043,-0.26593551600000004,8,2025-01-01
0.0,21.84897043,-0.26593551600000004,8,2025-02-01
0.0,21.84897043,-0.26593551600000004,8,2025-03-01
0.0,21.84897043,-0.26593551600000004,8,2025-04-01
0.0,21.84897043,-0.26593551600000004,8,2025-05-01
0.0,21.84897043,-0.26593551600000004,8,2025-06-01
0.0,21.84897043,-0.26593551600000004,8,2025-07-01
0.0,21.84897043,-0.26593551600000004,8,2025-08-01
0.0,21.84897043,-0.26593551600000004,8,2025-09-01
0.0,21.84897043,-0.26593551600000004,8,2025-10-01
0.0,21.84897043,-0.26593551600000004,8,2025-11-01
0.0,21.84897043,-0.26593551600000004,8,2025-12-01
0.0,21.84897043,-0.26593551600000004,8,2026-01-01
0.0,21.84897043,-0.26593551600000004,8,2026-02-01
0.0,21.84897043,-0.26593551600000004,8,2026-03-01
0.0,21.84897043,-0.26593551600000004,8,2026-04-01
0.0,21.802784600000003,3.036327359,9,2021-05-01
6.309569809687172e-05,21.802784600000003,3.036327359,9,2021-06-01
0.0,21.802784600000003,3.036327359,9,2021-07-01
0.0007884532079092032,21.802784600000003,3.036327359,9,2021-08-01
0.0,21.802784600000003,3.036327359,9,2021-09-01
0.000676867711040433,21.802784600000003,3.036327359,9,2021-10-01
0.002241634149978887,21.802784600000003,3.036327359,9,2021-11-01
0.008611735566833624,21.802784600000003,3.036327359,9,2021-12-01
0.015309275098994587,21.802784600000003,3.036327359,9,2022-01-01
0.014937633948100697,21.802784600000003,3.036327359,9,2022-02-01
0.005514221646435041,21.802784600000003,3.036327359,9,2022-03-01
0.0,21.802784600000003,3.036327359,9,2022-04-01
0.0,21.802784600000003,3.036327359,9,2022-05-01
8.988808142132542e-06,21.802784600000003,3.036327359,9,2022-06-01
0.0,21.802784600000003,3.036327359,9,2022-07-01
0.0008229504854231079,21.802784600000003,3.036327359,9,2022-08-01
1.1412783165328761e-06,21.802784600000003,3.036327359,9,2022-09-01
0.0006280211065779608,21.802784600000003,3.036327359,9,2022-10-01
0.0028912298526347652,21.802784600000003,3.036327359,9,2022-11-01
0.008921668760766195,21.802784600000003,3.036327359,9,2022-12-01
0.013944629764346765,21.802784600000003,3.036327359,9,2023-01-01
0.016237565201839145,21.802784600000003,3.036327359,9,2023-02-01
0.005011346786749034,21.802784600000003,3.036327359,9,2023-03-01
0.0,21.802784600000003,3.036327359,9,2023-04-01
0.0,21.802784600000003,3.036327359,9,2023-05-01
1.3576874208572211e-05,21.802784600000003,3.036327359,9,2023-06-01
0.0,21.802784600000003,3.036327359,9,2023-07-01
0.0007991289824039663,21.802784600000003,3.036327359,9,2023-08-01
6.986358878435438e-07,21.802784600000003,3.036327359,9,2023-09-01
0.000652726766018492,21.802784600000003,3.036327359,9,2023-10-01
0.002546671228016371,21.802784600000003,3.036327359,9,2023-11-01
0.008756706259349772,21.802784600000003,3.036327359,9,2023-12-01
0.014669850642582988,21.802784600000003,3.036327359,9,2024-01-01
0.015546800046970182,21.802784600000003,3.036327359,9,2024-02-01
0.005278573201962434,21.802784600000003,3.036327359,9,2024-03-01
0.0,21.802784600000003,3.036327359,9,2024-04-01
0.0,21.802784600000003,3.036327359,9,2024-05-01
1.1135735858715307e-05,21.802784600000003,3.036327359,9,2024-06-01
0.0,21.802784600000003,3.036327359,9,2024-07-01
0.0008117854541573724,21.802784600000003,3.036327359,9,2024-08-01
9.341889992457402e-07,21.802784600000003,3.036327359,9,2024-09-01
0.0006395995802501699,21.802784600000003,3.036327359,9,2024-10-01
0.002729747813753246,21.802784600000003,3.036327359,9,2024-11-01
0.008844356784836757,21.802784600000003,3.036327359,9,2024-12-01
0.014284514485400454,21.802784600000003,3.036327359,9,2025-01-01
0.015913828637456023,21.802784600000003,3.036327359,9,2025-02-01
0.005136586112323393,21.802784600000003,3.036327359,9,2025-03-01
0.0,21.802784600000003,3.036327359,9,2025-04-01
0.0,21.802784600000003,3.036327359,9,2025-05-01
1.243280081002802e-05,21.802784600000003,3.036327359,9,2025-06-01
0.0,21.802784600000003,3.036327359,9,2025-07-01
0.0008050606112202587,21.802784600000003,3.036327359,9,2025-08-01
8.090311311284447e-07,21.802784600000003,3.036327359,9,2025-09-01
0.0006465745305006301,21.802784600000003,3.036327359,9,2025-10-01
0.002632472578659139,21.802784600000003,3.036327359,9,2025-11-01
0.008797784879202122,21.802784600000003,3.036327359,9,2025-12-01
0.01448925757220292,21.802784600000003,3.036327359,9,2026-01-01
0.015718813025347864,21.802784600000003,3.036327359,9,2026-02-01
0.005212029006733338,21.802784600000003,3.036327359,9,2026-03-01
0.0,21.802784600000003,3.036327359,9,2026-04-01
0.008247201972649106,25.73002807,-10.64881164,10,2021-05-01
0.08945398329367595,25.73002807,-10.64881164,10,2021-06-01
0.11157774746324273,25.73002807,-10.64881164,10,2021-07-01
0.12460583760105297,25.73002807,-10.64881164,10,2021-08-01
0.031308470067319655,25.73002807,-10.64881164,10,2021-09-01
0.0,25.73002807,-10.64881164,10,2021-10-01
0.0,25.73002807,-10.64881164,10,2021-11-01
0.0,25.73002807,-10.64881164,10,2021-12-01
0.0,25.73002807,-10.64881164,10,2022-01-01
0.0,25.73002807,-10.64881164,10,2022-02-01
0.0,25.73002807,-10.64881164,10,2022-03-01
0.007100295444200867,25.73002807,-10.64881164,10,2022-04-01
0.041035938502801544,25.73002807,-10.64881164,10,2022-05-01
0.07184327496308648,25.73002807,-10.64881164,10,2022-06-01
0.10505566277483161,25.73002807,-10.64881164,10,2022-07-01
0.1346457808936679,25.73002807,-10.64881164,10,2022-08-01
0.01398055534417953,25.73002807,-10.64881164,10,2022-09-01
0.0,25.73002807,-10.64881164,10,2022-10-01
0.0,25.73002807,-10.64881164,10,2022-11-01
0.0,25.73002807,-10.64881164,10,2022-12-01
0.0,25.73002807,-10.64881164,10,2023-01-01
0.0,25.73002807,-10.64881164,10,2023-02-01
0.0,25.73002807,-10.64881164,10,2023-03-01
0.0010847012781808728,25.73002807,-10.64881164,10,2023-04-01
0.030280445370359423,25.73002807,-10.64881164,10,2023-05-01
0.0792264503384797,25.73002807,-10.64881164,10,2023-06-01
0.10773420895791533,25.73002807,-10.64881164,10,2023-07-01
0.13077679165616504,25.73002807,-10.64881164,10,2023-08-01
0.020732473943186742,25.73002807,-10.64881164,10,2023-09-01
0.0,25.73002807,-10.64881164,10,2023-10-01
0.0,25.73002807,-10.64881164,10,2023-11-01
0.0,25.73002807,-10.64881164,10,2023-12-01
1.4542374989259843e-09,25.73002807,-10.64881164,10,2024-01-01
1.12103818243248e-10,25.73002807,-10.64881164,10,2024-02-01
0.0,25.73002807,-10.64881164,10,2024-03-01
0.003425268857464202,25.73002807,-10.64881164,10,2024-04-01
0.03446522735976852,25.73002807,-10.64881164,10,2024-05-01
0.07635378086033062,25.73002807,-10.64881164,10,2024-06-01
0.1066920316397276,25.73002807,-10.64881164,10,2024-07-01
0.1322821503957523,25.73002807,-10.64881164,10,2024-08-01
0.01810541581179606,25.73002807,-10.64881164,10,2024-09-01
0.0,25.73002807,-10.64881164,10,2024-10-01
0.0,25.73002807,-10.64881164,10,2024-11-01
0.0,25.73002807,-10.64881164,10,2024-12-01
0.0,25.73002807,-10.64881164,10,2025-01-01
0.0,25.73002807,-10.64881164,10,2025-02-01
0.0,25.73002807,-10.64881164,10,2025-03-01
0.0025145933207432417,25.73002807,-10.64881164,10,2025-04-01
0.03283699896850257,25.73002807,-10.64881164,10,2025-05-01
0.07747148830957962,25.73002807,-10.64881164,10,2025-06-01
0.107097525331514,25.73002807,-10.64881164,10,2025-07-01
0.1316964405917435,25.73002807,-10.64881164,10,2025-08-01
0.019127560010911305,25.73002807,-10.64881164,10,2025-09-01
0.0,25.73002807,-10.64881164,10,2025-10-01
0.0,25.73002807,-10.64881164,10,2025-11-01
0.0,25.73002807,-10.64881164,10,2025-12-01
0.0,25.73002807,-10.64881164,10,2026-01-01
0.0,25.73002807,-10.64881164,10,2026-02-01
0.0,25.73002807,-10.64881164,10,2026-03-01
0.0028689218778516195,25.73002807,-10.64881164,10,2026-04-01
0.0658710174624548,25.50029569,-7.824279499,11,2021-05-01
0.09734656345523154,25.50029569,-7.824279499,11,2021-06-01
0.13842191444489074,25.50029569,-7.824279499,11,2021-07-01
0.10451116631550561,25.50029569,-7.824279499,11,2021-08-01
0.01747290470871777,25.50029569,-7.824279499,11,2021-09-01
0.000900202099832474,25.50029569,-7.824279499,11,2021-10-01
0.0,25.50029569,-7.824279499,11,2021-11-01
0.0,25.50029569,-7.824279499,11,2021-12-01
0.0,25.50029569,-7.824279499,11,2022-01-01
0.0,25.50029569,-7.824279499,11,2022-02-01
0.000502155206411371,25.50029569,-7.824279499,11,2022-03-01
0.017168377417639567,25.50029569,-7.824279499,11,2022-04-01
0.05477086808917028,25.50029569,-7.824279499,11,2022-05-01
0.07422627463610512,25.50029569,-7.824279499,11,2022-06-01
0.14645879765801706,25.50029569,-7.824279499,11,2022-07-01
0.10405261552142657,25.50029569,-7.824279499,11,2022-08-01
0.025746635976504163,25.50029569,-7.824279499,11,2022-09-01
0.0027033592636129073,25.50029569,-7.824279499,11,2022-10-01
0.00014456436888348438,25.50029569,-7.824279499,11,2022-11-01
0.0002433657277049443,25.50029569,-7.824279499,11,2022-12-01
0.0,25.50029569,-7.824279499,11,2023-01-01
0.0,25.50029569,-7.824279499,11,2023-02-01
0.0016723286519013734,25.50029569,-7.824279499,11,2023-03-01
0.019377627935163094,25.50029569,-7.824279499,11,2023-04-01
0.06622520920817494,25.50029569,-7.824279499,11,2023-05-01
0.09637608473915363,25.50029569,-7.824279499,11,2023-06-01
0.13973281843815236,25.50029569,-7.824279499,11,2023-07-01
0.10494959039456254,25.50029569,-7.824279499,11,2023-08-01
0.018489612466011586,25.50029569,-7.824279499,11,2023-09-01
0.0012957290285476215,25.50029569,-7.824279499,11,2023-10-01
0.0,25.50029569,-7.824279499,11,2023-11-01
6.730747434281824e-06,25.50029569,-7.824279499,11,2023-12-01
0.0,25.50029569,-7.824279499,11,2024-01-01
0.0,25.50029569,-7.824279499,11,2024-02-01
0.0006466014424941979,25.50029569,-7.824279499,11,2024-03-01
0.017383649569033773,25.50029569,-7.824279499,11,2024-04-01
0.055727814518674965,25.50029569,-7.824279499,11,2024-05-01
0.07604552761348694,25.50029569,-7.824279499,11,2024-06-01
0.14592554366471922,25.50029569,-7.824279499,11,2024-07-01
0.1041353032035747,25.50029569,-7.824279499,11,2024-08-01
0.02516377406492087,25.50029569,-7.824279499,11,2024-09-01
0.002594045337125337,25.50029569,-7.824279499,11,2024-10-01
0.00013226130940269118,25.50029569,-7.824279499,11,2024-11-01
0.00022680560195695982,25.50029569,-7.824279499,11,2024-12-01
0.0,25.50029569,-7.824279499,11,2025-01-01
0.0,25.50029569,-7.824279499,11,2025-02-01
0.0015899593860546437,25.50029569,-7.824279499,11,2025-03-01
0.019216268317853655,25.50029569,-7.824279499,11,2025-04-01
0.06537239545616233,25.50029569,-7.824279499,11,2025-05-01
0.09472377649881908,25.50029569,-7.824279499,11,2025-06-01
0.14023650888240263,25.50029569,-7.824279499,11,2025-07-01
0.10488359688187088,25.50029569,-7.824279499,11,2025-08-01
0.01903230710237589,25.50029569,-7.824279499,11,2025-09-01
0.0014013755357633476,25.50029569,-7.824279499,11,2025-10-01
0.0,25.50029569,-7.824279499,11,2025-11-01
2.4675830720659162e-05,25.50029569,-7.824279499,11,2025-12-01
0.0,25.50029569,-7.824279499,11,2026-01-01
0.0,25.50029569,-7.824279499,11,2026-02-01
0.000723308787135222,25.50029569,-7.824279499,11,2026-03-01
0.01753264007852876,25.50029569,-7.824279499,11,2026-04-01
0.028063580371262206,25.45964691,-4.067881589,12,2021-05-01
0.042776366008116795,25.45964691,-4.067881589,12,2021-06-01
0.04795786928174962,25.45964691,-4.067881589,12,2021-07-01
0.01350832188508478,25.45964691,-4.067881589,12,2021-08-01
0.00114888384154285,25.45964691,-4.067881589,12,2021-09-01
0.0,25.45964691,-4.067881589,12,2021-10-01
0.0,25.45964691,-4.067881589,12,2021-11-01
0.0,25.45964691,-4.067881589,12,2021-12-01
0.0006814602308133059,25.45964691,-4.067881589,12,2022-01-01
0.00655863499370878,25.45964691,-4.067881589,12,2022-02-01
0.005314798335812253,25.45964691,-4.067881589,12,2022-03-01
0.005618303395167291,25.45964691,-4.067881589,12,2022-04-01
0.030956026754064385,25.45964691,-4.067881589,12,2022-05-01
0.044140297258976745,25.45964691,-4.067881589,12,2022-06-01
0.04624587520254584,25.45964691,-4.067881589,12,2022-07-01
0.012794229852997399,25.45964691,-4.067881589,12,2022-08-01
0.0014507235275980658,25.45964691,-4.067881589,12,2022-09-01
0.0,25.45964691,-4.067881589,12,2022-10-01
0.0001077356758704202,25.45964691,-4.067881589,12,2022-11-01
0.0,25.45964691,-4.067881589,12,2022-12-01
0.0011509694135900406,25.45964691,-4.067881589,12,2023-01-01
0.006603312369675044,25.45964691,-4.067881589,12,2023-02-01
0.004952103921588868,25.45964691,-4.067881589,12,2023-03-01
0.006110739787417224,25.45964691,-4.067881589,12,2023-04-01
0.03032496237272015,25.45964691,-4.067881589,12,2023-05-01
0.044034379508771274,25.45964691,-4.067881589,12,2023-06-01
0.047685052603480244,25.45964691,-4.067881589,12,2023-07-01
0.013501195116355271,25.45964691,-4.067881589,12,2023-08-01
0.0014682959817881736,25.45964691,-4.067881589,12,2023-09-01
0.0,25.45964691,-4.067881589,12,2023-10-01
3.4689711548541407e-06,25.45964691,-4.067881589,12,2023-11-01
0.0,25.45964691,-4.067881589,12,2023-12-01
0.0009145871102722499,25.45964691,-4.067881589,12,2024-01-01
0.006600670224583462,25.45964691,-4.067881589,12,2024-02-01
0.005177307010520275,25.45964691,-4.067881589,12,2024-03-01
0.00583560812891624,25.45964691,-4.067881589,12,2024-04-01
0.030696857207484614,25.45964691,-4.067881589,12,2024-05-01
0.044099982086684905,25.45964691,-4.067881589,12,2024-06-01
0.04685462820132142,25.45964691,-4.067881589,12,2024-07-01
0.013093726686471649,25.45964691,-4.067881589,12,2024-08-01
0.0014593261578859627,25.45964691,-4.067881589,12,2024-09-01
0.0,25.45964691,-4.067881589,12,2024-10-01
6.43522793559787e-05,25.45964691,-4.067881589,12,2024-11-01
0.0,25.45964691,-4.067881589,12,2024-12-01
0.001051665342851923,25.45964691,-4.067881589,12,2025-01-01
0.0066023453098174026,25.45964691,-4.067881589,12,2025-02-01
0.0050470182628779454,25.45964691,-4.067881589,12,2025-03-01
0.0059949612859161745,25.45964691,-4.067881589,12,2025-04-01
0.030481585167104953,25.45964691,-4.067881589,12,2025-05-01
0.044062027488738865,25.45964691,-4.067881589,12,2025-06-01
0.04733542983399825,25.45964691,-4.067881589,12,2025-07-01
0.013329646879302473,25.45964691,-4.067881589,12,2025-08-01
0.0014645268807821972,25.45964691,-4.067881589,12,2025-09-01
0.0,25.45964691,-4.067881589,12,2025-10-01
2.9106400037871016e-05,25.45964691,-4.067881589,12,2025-11-01
0.0,25.45964691,-4.067881589,12,2025-12-01
0.0009723036600087246,25.45964691,-4.067881589,12,2026-01-01
0.0066013764094138075,25.45964691,-4.067881589,12,2026-02-01
0.005122451078053198,25.45964691,-4.067881589,12,2026-03-01
0.00590270227254119,25.45964691,-4.067881589,12,2026-04-01
1.2241414952724393e-21,25.6107653,-0.25226383399999996,13,2021-05-01
9.235461081158825e-10,25.6107653,-0.25226383399999996,13,2021-06-01
1.962235245902875e-25,25.6107653,-0.25226383399999996,13,2021-07-01
1.2368888287016591e-33,25.6107653,-0.25226383399999996,13,2021-08-01
0.0,25.6107653,-0.25226383399999996,13,2021-09-01
2.3714268297378897e-34,25.6107653,-0.25226383399999996,13,2021-10-01
0.0,25.6107653,-0.25226383399999996,13,2021-11-01
4.769201793290598e-35,25.6107653,-0.25226383399999996,13,2021-12-01
0.0,25.6107653,-0.25226383399999996,13,2022-01-01
4.8176527729771705e-36,25.6107653,-0.25226383399999996,13,2022-02-01
1.622408289381973e-28,25.6107653,-0.25226383399999996,13,2022-03-01
6.120075913699354e-17,25.6107653,-0.25226383399999996,13,2022-04-01
1.836224660656609e-21,25.6107653,-0.25226383399999996,13,2022-05-01
1.3853284079661305e-09,25.6107653,-0.25226383399999996,13,2022-06-01
2.943373960572655e-25,25.6107653,-0.25226383399999996,13,2022-07-01
2.4738660452885983e-33,25.6107653,-0.25226383399999996,13,2022-08-01
0.0,25.6107653,-0.25226383399999996,13,2022-09-01
4.743272575106125e-34,25.6107653,-0.25226383399999996,13,2022-10-01
0.0,25.6107653,-0.25226383399999996,13,2022-11-01
9.539246266701206e-35,25.6107653,-0.25226383399999996,13,2022-12-01
0.0,25.6107653,-0.25226383399999996,13,2023-01-01
9.63561924545026e-36,25.6107653,-0.25226383399999996,13,2023-02-01
1.6224088185683378e-28,25.6107653,-0.25226383399999996,13,2023-03-01
6.120076724525067e-17,25.6107653,-0.25226383399999996,13,2023-04-01
1.8362245795257285e-21,25.6107653,-0.25226383399999996,13,2023-05-01
1.3853283467574312e-09,25.6107653,-0.25226383399999996,13,2023-06-01
2.9433738305238747e-25,25.6107653,-0.25226383399999996,13,2023-07-01
2.4738658813287265e-33,25.6107653,-0.25226383399999996,13,2023-08-01
0.0,25.6107653,-0.25226383399999996,13,2023-09-01
4.743272260720767e-34,25.6107653,-0.25226383399999996,13,2023-10-01
0.0,25.6107653,-0.25226383399999996,13,2023-11-01
9.539245634437434e-35,25.6107653,-0.25226383399999996,13,2023-12-01
0.0,25.6107653,-0.25226383399999996,13,2024-01-01
9.635618606834485e-36,25.6107653,-0.25226383399999996,13,2024-02-01
1.6224088185682676e-28,25.6107653,-0.25226383399999996,13,2024-03-01
6.12007672452496e-17,25.6107653,-0.25226383399999996,13,2024-04-01
1.8362245795257394e-21,25.6107653,-0.25226383399999996,13,2024-05-01
1.3853283467574393e-09,25.6107653,-0.25226383399999996,13,2024-06-01
2.943373830523892e-25,25.6107653,-0.25226383399999996,13,2024-07-01
2.4738658813287484e-33,25.6107653,-0.25226383399999996,13,2024-08-01
0.0,25.6107653,-0.25226383399999996,13,2024-09-01
4.743272260720809e-34,25.6107653,-0.25226383399999996,13,2024-10-01
0.0,25.6107653,-0.25226383399999996,13,2024-11-01
9.539245634437518e-35,25.6107653,-0.25226383399999996,13,2024-12-01
0.0,25.6107653,-0.25226383399999996,13,2025-01-01
9.635618606834569e-36,25.6107653,-0.25226383399999996,13,2025-02-01
1.6224088185682676e-28,25.6107653,-0.25226383399999996,13,2025-03-01
6.12007672452496e-17,25.6107653,-0.25226383399999996,13,2025-04-01
1.8362245795257394e-21,25.6107653,-0.25226383399999996,13,2025-05-01
1.3853283467574393e-09,25.6107653,-0.25226383399999996,13,2025-06-01
2.943373830523892e-25,25.6107653,-0.25226383399999996,13,2025-07-01
2.4738658813287484e-33,25.6107653,-0.25226383399999996,13,2025-08-01
0.0,25.6107653,-0.25226383399999996,13,2025-09-01
4.743272260720809e-34,25.6107653,-0.25226383399999996,13,2025-10-01
0.0,25.6107653,-0.25226383399999996,13,2025-11-01
9.539245634437518e-35,25.6107653,-0.25226383399999996,13,2025-12-01
0.0,25.6107653,-0.25226383399999996,13,2026-01-01
9.635618606834569e-36,25.6107653,-0.25226383399999996,13,2026-02-01
1.6224088185682676e-28,25.6107653,-0.25226383399999996,13,2026-03-01
6.12007672452496e-17,25.6107653,-0.25226383399999996,13,2026-04-01
0.0,25.52047567,3.376899463,14,2021-05-01
0.0,25.52047567,3.376899463,14,2021-06-01
0.0,25.52047567,3.376899463,14,2021-07-01
0.0,25.52047567,3.376899463,14,2021-08-01
0.0,25.52047567,3.376899463,14,2021-09-01
0.0,25.52047567,3.376899463,14,2021-10-01
0.007692942805212752,25.52047567,3.376899463,14,2021-11-01
0.02513043823139593,25.52047567,3.376899463,14,2021-12-01
0.02817131564419239,25.52047567,3.376899463,14,2022-01-01
0.00707001061384908,25.52047567,3.376899463,14,2022-02-01
0.0024459165665767805,25.52047567,3.376899463,14,2022-03-01
0.0003568707681183469,25.52047567,3.376899463,14,2022-04-01
0.0,25.52047567,3.376899463,14,2022-05-01
0.0,25.52047567,3.376899463,14,2022-06-01
0.0,25.52047567,3.376899463,14,2022-07-01
0.0,25.52047567,3.376899463,14,2022-08-01
0.0,25.52047567,3.376899463,14,2022-09-01
0.0,25.52047567,3.376899463,14,2022-10-01
0.005367213040820424,25.52047567,3.376899463,14,2022-11-01
0.02301012275130306,25.52047567,3.376899463,14,2022-12-01
0.025736591518455528,25.52047567,3.376899463,14,2023-01-01
0.005672041217797383,25.52047567,3.376899463,14,2023-02-01
0.0009831680152700395,25.52047567,3.376899463,14,2023-03-01
0.000410593045591278,25.52047567,3.376899463,14,2023-04-01
0.0,25.52047567,3.376899463,14,2023-05-01
0.0,25.52047567,3.376899463,14,2023-06-01
0.0,25.52047567,3.376899463,14,2023-07-01
0.0,25.52047567,3.376899463,14,2023-08-01
0.0,25.52047567,3.376899463,14,2023-09-01
0.0,25.52047567,3.376899463,14,2023-10-01
0.0058971530308051905,25.52047567,3.376899463,14,2023-11-01
0.023492372797977685,25.52047567,3.376899463,14,2023-12-01
0.02628986136468978,25.52047567,3.376899463,14,2024-01-01
0.005989670683733293,25.52047567,3.376899463,14,2024-02-01
0.0013154535200325863,25.52047567,3.376899463,14,2024-03-01
0.0003984043010094491,25.52047567,3.376899463,14,2024-04-01
0.0,25.52047567,3.376899463,14,2024-05-01
0.0,25.52047567,3.376899463,14,2024-06-01
0.0,25.52047567,3.376899463,14,2024-07-01
0.0,25.52047567,3.376899463,14,2024-08-01
0.0,25.52047567,3.376899463,14,2024-09-01
0.0,25.52047567,3.376899463,14,2024-10-01
0.005776782170053648,25.52047567,3.376899463,14,2024-11-01
0.023382834248420054,25.52047567,3.376899463,14,2024-12-01
0.026164191332653918,25.52047567,3.376899463,14,2025-01-01
0.005917524143145561,25.52047567,3.376899463,14,2025-02-01
0.0012399779976912733,25.52047567,3.376899463,14,2025-03-01
0.0004011728596753932,25.52047567,3.376899463,14,2025-04-01
0.0,25.52047567,3.376899463,14,2025-05-01
0.0,25.52047567,3.376899463,14,2025-06-01
0.0,25.52047567,3.376899463,14,2025-07-01
0.0,25.52047567,3.376899463,14,2025-08-01
0.0,25.52047567,3.376899463,14,2025-09-01
0.0,25.52047567,3.376899463,14,2025-10-01
0.005804123277332525,25.52047567,3.376899463,14,2025-11-01
0.02340771489823778,25.52047567,3.376899463,14,2025-12-01
0.02619273609677841,25.52047567,3.376899463,14,2026-01-01
0.005933911550311069,25.52047567,3.376899463,14,2026-02-01
0.0012571215517073117,25.52047567,3.376899463,14,2026-03-01
0.0004005440076507403,25.52047567,3.376899463,14,2026-04-01
0.004772717280269489,28.36894807,-11.53361124,15,2021-05-01
0.01641826656383432,28.36894807,-11.53361124,15,2021-06-01
0.0718490259370604,28.36894807,-11.53361124,15,2021-07-01
0.17416562661695972,28.36894807,-11.53361124,15,2021-08-01
0.09799061424374197,28.36894807,-11.53361124,15,2021-09-01
0.007388726408306118,28.36894807,-11.53361124,15,2021-10-01
0.0,28.36894807,-11.53361124,15,2021-11-01
0.0,28.36894807,-11.53361124,15,2021-12-01
0.0,28.36894807,-11.53361124,15,2022-01-01
0.0,28.36894807,-11.53361124,15,2022-02-01
0.0,28.36894807,-11.53361124,15,2022-03-01
0.0,28.36894807,-11.53361124,15,2022-04-01
0.0074370329474356955,28.36894807,-11.53361124,15,2022-05-01
0.024316038832528142,28.36894807,-11.53361124,15,2022-06-01
0.09201871791266888,28.36894807,-11.53361124,15,2022-07-01
0.1560699888956848,28.36894807,-11.53361124,15,2022-08-01
0.09109558483803915,28.36894807,-11.53361124,15,2022-09-01
0.006900129898698674,28.36894807,-11.53361124,15,2022-10-01
0.0,28.36894807,-11.53361124,15,2022-11-01
0.0,28.36894807,-11.53361124,15,2022-12-01
0.0,28.36894807,-11.53361124,15,2023-01-01
0.0,28.36894807,-11.53361124,15,2023-02-01
0.0,28.36894807,-11.53361124,15,2023-03-01
0.005608241209802561,28.36894807,-11.53361124,15,2023-04-01
0.006700524604990674,28.36894807,-11.53361124,15,2023-05-01
0.019327788367604414,28.36894807,-11.53361124,15,2023-06-01
0.07775448788948484,28.36894807,-11.53361124,15,2023-07-01
0.169698538800059,28.36894807,-11.53361124,15,2023-08-01
0.09638747523964131,28.36894807,-11.53361124,15,2023-09-01
0.0074129873753891636,28.36894807,-11.53361124,15,2023-10-01
0.0,28.36894807,-11.53361124,15,2023-11-01
0.0,28.36894807,-11.53361124,15,2023-12-01
0.0,28.36894807,-11.53361124,15,2024-01-01
0.0,28.36894807,-11.53361124,15,2024-02-01
0.0,28.36894807,-11.53361124,15,2024-03-01
0.0005005944530055194,28.36894807,-11.53361124,15,2024-04-01
0.007249427086314904,28.36894807,-11.53361124,15,2024-05-01
0.022993066817401063,28.36894807,-11.53361124,15,2024-06-01
0.08822313633483965,28.36894807,-11.53361124,15,2024-07-01
0.1597024845044434,28.36894807,-11.53361124,15,2024-08-01
0.09250674066285865,28.36894807,-11.53361124,15,2024-09-01
0.007037817120078883,28.36894807,-11.53361124,15,2024-10-01
0.0,28.36894807,-11.53361124,15,2024-11-01
0.0,28.36894807,-11.53361124,15,2024-12-01
0.0,28.36894807,-11.53361124,15,2025-01-01
0.0,28.36894807,-11.53361124,15,2025-02-01
0.0,28.36894807,-11.53361124,15,2025-03-01
0.004247891486377513,28.36894807,-11.53361124,15,2025-04-01
0.006846787062466653,28.36894807,-11.53361124,15,2025-05-01
0.020304088806067003,28.36894807,-11.53361124,15,2025-06-01
0.08054287782030706,28.36894807,-11.53361124,15,2025-07-01
0.16703606989098063,28.36894807,-11.53361124,15,2025-08-01
0.09535383864794955,28.36894807,-11.53361124,15,2025-09-01
0.0073130670129312215,28.36894807,-11.53361124,15,2025-10-01
0.0,28.36894807,-11.53361124,15,2025-11-01
0.0,28.36894807,-11.53361124,15,2025-12-01
0.0,28.36894807,-11.53361124,15,2026-01-01
0.0,28.36894807,-11.53361124,15,2026-02-01
0.0,28.36894807,-11.53361124,15,2026-03-01
0.0014987016372100198,28.36894807,-11.53361124,15,2026-04-01
0.033917065554775784,28.67107977,-7.569753554,16,2021-05-01
0.09820333394023126,28.67107977,-7.569753554,16,2021-06-01
0.06815362207420082,28.67107977,-7.569753554,16,2021-07-01
0.05837226605820899,28.67107977,-7.569753554,16,2021-08-01
0.02387099487031463,28.67107977,-7.569753554,16,2021-09-01
0.011775743509805252,28.67107977,-7.569753554,16,2021-10-01
0.0,28.67107977,-7.569753554,16,2021-11-01
0.00020902201065818362,28.67107977,-7.569753554,16,2021-12-01
0.0,28.67107977,-7.569753554,16,2022-01-01
2.8845408033761508e-06,28.67107977,-7.569753554,16,2022-02-01
0.0,28.67107977,-7.569753554,16,2022-03-01
0.000804698031979273,28.67107977,-7.569753554,16,2022-04-01
0.0254244933005384,28.67107977,-7.569753554,16,2022-05-01
0.08011577996328174,28.67107977,-7.569753554,16,2022-06-01
0.09231671363245994,28.67107977,-7.569753554,16,2022-07-01
0.06775910665155882,28.67107977,-7.569753554,16,2022-08-01
0.02018813684384949,28.67107977,-7.569753554,16,2022-09-01
0.011419727792840683,28.67107977,-7.569753554,16,2022-10-01
0.0,28.67107977,-7.569753554,16,2022-11-01
9.655957499675398e-05,28.67107977,-7.569753554,16,2022-12-01
9.641647089918446e-07,28.67107977,-7.569753554,16,2023-01-01
0.0,28.67107977,-7.569753554,16,2023-02-01
0.0,28.67107977,-7.569753554,16,2023-03-01
0.0003900198662847782,28.67107977,-7.569753554,16,2023-04-01
0.02949900147207166,28.67107977,-7.569753554,16,2023-05-01
0.08881113556900391,28.67107977,-7.569753554,16,2023-06-01
0.08070344333036354,28.67107977,-7.569753554,16,2023-07-01
0.0632497788911121,28.67107977,-7.569753554,16,2023-08-01
0.021957079904736568,28.67107977,-7.569753554,16,2023-09-01
0.011591259235050541,28.67107977,-7.569753554,16,2023-10-01
0.0,28.67107977,-7.569753554,16,2023-11-01
0.0001507592916649379,28.67107977,-7.569753554,16,2023-12-01
0.0,28.67107977,-7.569753554,16,2024-01-01
1.2838423497112397e-06,28.67107977,-7.569753554,16,2024-02-01
0.0,28.67107977,-7.569753554,16,2024-03-01
0.0005893034658969788,28.67107977,-7.569753554,16,2024-04-01
0.02754107472657926,28.67107977,-7.569753554,16,2024-05-01
0.08463277989501185,28.67107977,-7.569753554,16,2024-06-01
0.08628394160157038,28.67107977,-7.569753554,16,2024-07-01
0.06541663969173586,28.67107977,-7.569753554,16,2024-08-01
0.021107051778658396,28.67107977,-7.569753554,16,2024-09-01
0.011508834365684239,28.67107977,-7.569753554,16,2024-10-01
0.0,28.67107977,-7.569753554,16,2024-11-01
0.00012471508543869192,28.67107977,-7.569753554,16,2024-12-01
0.0,28.67107977,-7.569753554,16,2025-01-01
5.215383884989624e-07,28.67107977,-7.569753554,16,2025-02-01
0.0,28.67107977,-7.569753554,16,2025-03-01
0.000493542139074344,28.67107977,-7.569753554,16,2025-04-01
0.02848191343637417,28.67107977,-7.569753554,16,2025-05-01
0.08664059702908648,28.67107977,-7.569753554,16,2025-06-01
0.08360235561811868,28.67107977,-7.569753554,16,2025-07-01
0.0643754022912091,28.67107977,-7.569753554,16,2025-08-01
0.021515514137840884,28.67107977,-7.569753554,16,2025-09-01
0.011548441829197773,28.67107977,-7.569753554,16,2025-10-01
0.0,28.67107977,-7.569753554,16,2025-11-01
0.00013723005767236828,28.67107977,-7.569753554,16,2025-12-01
0.0,28.67107977,-7.569753554,16,2026-01-01
8.878469975325663e-07,28.67107977,-7.569753554,16,2026-02-01
0.0,28.67107977,-7.569753554,16,2026-03-01
0.0005395581431935946,28.67107977,-7.569753554,16,2026-04-01
0.020100715658877978,28.28555279,-4.090688253,17,2021-05-01
0.02843057213578631,28.28555279,-4.090688253,17,2021-06-01
0.027780809478075,28.28555279,-4.090688253,17,2021-07-01
0.015384724359466683,28.28555279,-4.090688253,17,2021-08-01
0.0011727090834249962,28.28555279,-4.090688253,17,2021-09-01
9.195642093664517e-07,28.28555279,-4.090688253,17,2021-10-01
2.7834244107111e-06,28.28555279,-4.090688253,17,2021-11-01
9.53523699064897e-06,28.28555279,-4.090688253,17,2021-12-01
0.0022592335783084743,28.28555279,-4.090688253,17,2022-01-01
9.207523349474935e-10,28.28555279,-4.090688253,17,2022-02-01
4.328064691131498e-10,28.28555279,-4.090688253,17,2022-03-01
0.003905410029693125,28.28555279,-4.090688253,17,2022-04-01
0.02739441677899636,28.28555279,-4.090688253,17,2022-05-01
0.017193496332997132,28.28555279,-4.090688253,17,2022-06-01
0.027167444850538718,28.28555279,-4.090688253,17,2022-07-01
0.01244081436104289,28.28555279,-4.090688253,17,2022-08-01
0.003050451666058893,28.28555279,-4.090688253,17,2022-09-01
7.2120476934934e-07,28.28555279,-4.090688253,17,2022-10-01
2.311625131206232e-06,28.28555279,-4.090688253,17,2022-11-01
7.961531370170692e-06,28.28555279,-4.090688253,17,2022-12-01
0.000583075614903368,28.28555279,-4.090688253,17,2023-01-01
4.671101567635149e-10,28.28555279,-4.090688253,17,2023-02-01
3.4254646508141007e-10,28.28555279,-4.090688253,17,2023-03-01
0.002420507167286377,28.28555279,-4.090688253,17,2023-04-01
0.023816322865949684,28.28555279,-4.090688253,17,2023-05-01
0.022626215807405738,28.28555279,-4.090688253,17,2023-06-01
0.027461039708432746,28.28555279,-4.090688253,17,2023-07-01
0.013866340672450687,28.28555279,-4.090688253,17,2023-08-01
0.002140224267021795,28.28555279,-4.090688253,17,2023-09-01
7.302203342884678e-07,28.28555279,-4.090688253,17,2023-10-01
2.5151325393676833e-06,28.28555279,-4.090688253,17,2023-11-01
8.716881266221394e-06,28.28555279,-4.090688253,17,2023-12-01
0.001395314041942053,28.28555279,-4.090688253,17,2024-01-01
8.454418136421223e-11,28.28555279,-4.090688253,17,2024-02-01
2.125696783595622e-10,28.28555279,-4.090688253,17,2024-03-01
0.0031400683360324616,28.28555279,-4.090688253,17,2024-04-01
0.025550212442791202,28.28555279,-4.090688253,17,2024-05-01
0.01999360302728211,28.28555279,-4.090688253,17,2024-06-01
0.0273187681289752,28.28555279,-4.090688253,17,2024-07-01
0.013175552421845007,28.28555279,-4.090688253,17,2024-08-01
0.0025813065445951123,28.28555279,-4.090688253,17,2024-09-01
7.258515005819896e-07,28.28555279,-4.090688253,17,2024-10-01
2.4165159532569816e-06,28.28555279,-4.090688253,17,2024-11-01
8.350850255593186e-06,28.28555279,-4.090688253,17,2024-12-01
0.0010017157215755563,28.28555279,-4.090688253,17,2025-01-01
2.699296033029199e-10,28.28555279,-4.090688253,17,2025-02-01
2.7555438404215787e-10,28.28555279,-4.090688253,17,2025-03-01
0.002791379997743045,28.28555279,-4.090688253,17,2025-04-01
0.024709996069831913,28.28555279,-4.090688253,17,2025-05-01
0.021269326920582792,28.28555279,-4.090688253,17,2025-06-01
0.027387710760653487,28.28555279,-4.090688253,17,2025-07-01
0.013510297844021246,28.28555279,-4.090688253,17,2025-08-01
0.002367564818253823,28.28555279,-4.090688253,17,2025-09-01
7.279685705845712e-07,28.28555279,-4.090688253,17,2025-10-01
2.4643040427652527e-06,28.28555279,-4.090688253,17,2025-11-01
8.528223285714796e-06,28.28555279,-4.090688253,17,2025-12-01
0.0011924474484157554,28.28555279,-4.090688253,17,2026-01-01
1.8009466287910813e-10,28.28555279,-4.090688253,17,2026-02-01
2.450329588764333e-10,28.28555279,-4.090688253,17,2026-03-01
0.002960349034066811,28.28555279,-4.090688253,17,2026-04-01
0.0005643918160299617,28.67540846,-0.108735636,18,2021-05-01
0.0007512601256270522,28.67540846,-0.108735636,18,2021-06-01
0.005211513093979445,28.67540846,-0.108735636,18,2021-07-01
9.900830755956288e-09,28.67540846,-0.108735636,18,2021-08-01
0.0005655103822771949,28.67540846,-0.108735636,18,2021-09-01
1.3112707988620817e-07,28.67540846,-0.108735636,18,2021-10-01
0.0,28.67540846,-0.108735636,18,2021-11-01
0.0005698335937174186,28.67540846,-0.108735636,18,2021-12-01
0.005510569096102369,28.67540846,-0.108735636,18,2022-01-01
0.004414540319073852,28.67540846,-0.108735636,18,2022-02-01
0.0,28.67540846,-0.108735636,18,2022-03-01
0.0,28.67540846,-0.108735636,18,2022-04-01
0.0004948116737457441,28.67540846,-0.108735636,18,2022-05-01
0.0006128823292306719,28.67540846,-0.108735636,18,2022-06-01
0.006181762303845685,28.67540846,-0.108735636,18,2022-07-01
4.4443394506720344e-09,28.67540846,-0.108735636,18,2022-08-01
0.0004950079813227076,28.67540846,-0.108735636,18,2022-09-01
1.127360285851867e-07,28.67540846,-0.108735636,18,2022-10-01
0.0,28.67540846,-0.108735636,18,2022-11-01
0.000498728218800385,28.67540846,-0.108735636,18,2022-12-01
0.004162176100163141,28.67540846,-0.108735636,18,2023-01-01
0.004585936131003688,28.67540846,-0.108735636,18,2023-02-01
0.0,28.67540846,-0.108735636,18,2023-03-01
0.0,28.67540846,-0.108735636,18,2023-04-01
0.0005267046761183856,28.67540846,-0.108735636,18,2023-05-01
0.0006757935169018546,28.67540846,-0.108735636,18,2023-06-01
0.005740369748649069,28.67540846,-0.108735636,18,2023-07-01
5.658095911448232e-09,28.67540846,-0.108735636,18,2023-08-01
0.0005270821761291043,28.67540846,-0.108735636,18,2023-09-01
1.2106410706005368e-07,28.67540846,-0.108735636,18,2023-10-01
0.0,28.67540846,-0.108735636,18,2023-11-01
0.0005310765046630216,28.67540846,-0.108735636,18,2023-12-01
0.0047756065720607095,28.67540846,-0.108735636,18,2024-01-01
0.0045079622657261615,28.67540846,-0.108735636,18,2024-02-01
0.0,28.67540846,-0.108735636,18,2024-03-01
0.0,28.67540846,-0.108735636,18,2024-04-01
0.0005121954495443911,28.67540846,-0.108735636,18,2024-05-01
0.0006471730482075572,28.67540846,-0.108735636,18,2024-06-01
0.005941174442941513,28.67540846,-0.108735636,18,2024-07-01
5.105916241377509e-09,28.67540846,-0.108735636,18,2024-08-01
0.0005124905188685835,28.67540846,-0.108735636,18,2024-09-01
1.1727537697724154e-07,28.67540846,-0.108735636,18,2024-10-01
0.0,28.67540846,-0.108735636,18,2024-11-01
0.0005163601539292905,28.67540846,-0.108735636,18,2024-12-01
0.004496535896923955,28.67540846,-0.108735636,18,2025-01-01
0.0045434352658833095,28.67540846,-0.108735636,18,2025-02-01
0.0,28.67540846,-0.108735636,18,2025-03-01
0.0,28.67540846,-0.108735636,18,2025-04-01
0.000518796197047513,28.67540846,-0.108735636,18,2025-05-01
0.0006601934863617636,28.67540846,-0.108735636,18,2025-06-01
0.005849821462980355,28.67540846,-0.108735636,18,2025-07-01
5.357121814596623e-09,28.67540846,-0.108735636,18,2025-08-01
0.0005191287669335372,28.67540846,-0.108735636,18,2025-09-01
1.1899900094207427e-07,28.67540846,-0.108735636,18,2025-10-01
0.0,28.67540846,-0.108735636,18,2025-11-01
0.0005230551293551239,28.67540846,-0.108735636,18,2025-12-01
0.004623494770486872,28.67540846,-0.108735636,18,2026-01-01
0.004527297374864693,28.67540846,-0.108735636,18,2026-02-01
0.0,28.67540846,-0.108735636,18,2026-03-01
0.0,28.67540846,-0.108735636,18,2026-04-01
0.0,29.01066228,3.0110969560000003,19,2021-05-01
0.0,29.01066228,3.0110969560000003,19,2021-06-01
0.0,29.01066228,3.0110969560000003,19,2021-07-01
0.0,29.01066228,3.0110969560000003,19,2021-08-01
0.0,29.01066228,3.0110969560000003,19,2021-09-01
3.8840649226077996e-05,29.01066228,3.0110969560000003,19,2021-10-01
0.0,29.01066228,3.0110969560000003,19,2021-11-01
0.014292982779420633,29.01066228,3.0110969560000003,19,2021-12-01
0.0377918902410149,29.01066228,3.0110969560000003,19,2022-01-01
0.0242965447441517,29.01066228,3.0110969560000003,19,2022-02-01
0.0010002665969779457,29.01066228,3.0110969560000003,19,2022-03-01
2.9546604105185557e-08,29.01066228,3.0110969560000003,19,2022-04-01
0.0,29.01066228,3.0110969560000003,19,2022-05-01
0.0,29.01066228,3.0110969560000003,19,2022-06-01
0.0,29.01066228,3.0110969560000003,19,2022-07-01
0.0,29.01066228,3.0110969560000003,19,2022-08-01
0.0,29.01066228,3.0110969560000003,19,2022-09-01
4.9252933718493666e-05,29.01066228,3.0110969560000003,19,2022-10-01
0.0009489519198304036,29.01066228,3.0110969560000003,19,2022-11-01
0.013336981800997202,29.01066228,3.0110969560000003,19,2022-12-01
0.03963186068670179,29.01066228,3.0110969560000003,19,2023-01-01
0.019854507085039334,29.01066228,3.0110969560000003,19,2023-02-01
0.0008642709847343959,29.01066228,3.0110969560000003,19,2023-03-01
1.8155477057719528e-07,29.01066228,3.0110969560000003,19,2023-04-01
0.0,29.01066228,3.0110969560000003,19,2023-05-01
0.0,29.01066228,3.0110969560000003,19,2023-06-01
0.0,29.01066228,3.0110969560000003,19,2023-07-01
0.0,29.01066228,3.0110969560000003,19,2023-08-01
1.2777239996433171e-05,29.01066228,3.0110969560000003,19,2023-09-01
5.4377524268747086e-05,29.01066228,3.0110969560000003,19,2023-10-01
0.0006600347279381612,29.01066228,3.0110969560000003,19,2023-11-01
0.013500164932814366,29.01066228,3.0110969560000003,19,2023-12-01
0.039320772063088566,29.01066228,3.0110969560000003,19,2024-01-01
0.020607079239017636,29.01066228,3.0110969560000003,19,2024-02-01
0.0008874042728963733,29.01066228,3.0110969560000003,19,2024-03-01
1.9869308422608326e-07,29.01066228,3.0110969560000003,19,2024-04-01
0.0,29.01066228,3.0110969560000003,19,2024-05-01
0.0,29.01066228,3.0110969560000003,19,2024-06-01
0.0,29.01066228,3.0110969560000003,19,2024-07-01
0.0,29.01066228,3.0110969560000003,19,2024-08-01
1.0411633114327212e-05,29.01066228,3.0110969560000003,19,2024-09-01
5.3509849588279115e-05,29.01066228,3.0110969560000003,19,2024-10-01
0.0007089681700415826,29.01066228,3.0110969560000003,19,2024-11-01
0.013472526980900866,29.01066228,3.0110969560000003,19,2024-12-01
0.03937346054284285,29.01066228,3.0110969560000003,19,2025-01-01
0.02047961760582265,29.01066228,3.0110969560000003,19,2025-02-01
0.0008834862379714195,29.01066228,3.0110969560000003,19,2025-03-01
1.9579206445457898e-07,29.01066228,3.0110969560000003,19,2025-04-01
0.0,29.01066228,3.0110969560000003,19,2025-05-01
0.0,29.01066228,3.0110969560000003,19,2025-06-01
0.0,29.01066228,3.0110969560000003,19,2025-07-01
0.0,29.01066228,3.0110969560000003,19,2025-08-01
1.081229125006606e-05,29.01066228,3.0110969560000003,19,2025-09-01
5.365680592581742e-05,29.01066228,3.0110969560000003,19,2025-10-01
0.0007006804107162157,29.01066228,3.0110969560000003,19,2025-11-01
0.013477207965603246,29.01066228,3.0110969560000003,19,2025-12-01
0.03936453680028875,29.01066228,3.0110969560000003,19,2026-01-01
0.02050120552799433,29.01066228,3.0110969560000003,19,2026-02-01
0.0008841498277193573,29.01066228,3.0110969560000003,19,2026-03-01
1.9628340444204682e-07,29.01066228,3.0110969560000003,19,2026-04-01
