date,lon,lat,burn_area,area
2015_01_01,14.02349422,-5.722004149,0,0
2015_02_01,14.02349422,-5.722004149,0,0
2015_03_01,14.02349422,-5.722004149,0,0
2015_04_01,14.02349422,-5.722004149,0,0
2015_05_01,14.02349422,-5.722004149,0,0
2015_06_01,14.02349422,-5.722004149,0,0
2015_07_01,14.02349422,-5.722004149,0.176470588,0
2015_08_01,14.02349422,-5.722004149,0.058823529,0
2015_09_01,14.02349422,-5.722004149,0,0
2015_10_01,14.02349422,-5.722004149,0,0
2015_11_01,14.02349422,-5.722004149,0,0
2015_12_01,14.02349422,-5.722004149,0,0
2016_01_01,14.02349422,-5.722004149,0,0
2016_02_01,14.02349422,-5.722004149,0,0
2016_03_01,14.02349422,-5.722004149,0,0
2016_04_01,14.02349422,-5.722004149,0,0
2016_05_01,14.02349422,-5.722004149,0,0
2016_06_01,14.02349422,-5.722004149,0,0
2016_07_01,14.02349422,-5.722004149,0,0
2016_08_01,14.02349422,-5.722004149,0.058823529,0
2016_09_01,14.02349422,-5.722004149,0,0
2016_10_01,14.02349422,-5.722004149,0,0
2016_11_01,14.02349422,-5.722004149,0,0
2016_12_01,14.02349422,-5.722004149,0,0
2017_01_01,14.02349422,-5.722004149,0,0
2017_02_01,14.02349422,-5.722004149,0,0
2017_03_01,14.02349422,-5.722004149,0,0
2017_04_01,14.02349422,-5.722004149,0,0
2017_05_01,14.02349422,-5.722004149,0,0
2017_06_01,14.02349422,-5.722004149,0,0
2017_07_01,14.02349422,-5.722004149,0.058823529,0
2017_08_01,14.02349422,-5.722004149,0.058823529,0
2017_09_01,14.02349422,-5.722004149,0,0
2017_10_01,14.02349422,-5.722004149,0,0
2017_11_01,14.02349422,-5.722004149,0,0
2017_12_01,14.02349422,-5.722004149,0,0
2018_01_01,14.02349422,-5.722004149,0,0
2018_02_01,14.02349422,-5.722004149,0,0
2018_03_01,14.02349422,-5.722004149,0,0
2018_04_01,14.02349422,-5.722004149,0,0
2018_05_01,14.02349422,-5.722004149,0,0
2018_06_01,14.02349422,-5.722004149,0,0
2018_07_01,14.02349422,-5.722004149,0,0
2018_08_01,14.02349422,-5.722004149,0,0
2018_09_01,14.02349422,-5.722004149,0,0
2018_10_01,14.02349422,-5.722004149,0,0
2018_11_01,14.02349422,-5.722004149,0,0
2018_12_01,14.02349422,-5.722004149,0,0
2019_01_01,14.02349422,-5.722004149,0,0
2019_02_01,14.02349422,-5.722004149,0,0
2019_03_01,14.02349422,-5.722004149,0,0
2019_04_01,14.02349422,-5.722004149,0,0
2019_05_01,14.02349422,-5.722004149,0,0
2019_06_01,14.02349422,-5.722004149,0,0
2019_07_01,14.02349422,-5.722004149,0,0
2019_08_01,14.02349422,-5.722004149,0.058823529,0
2019_09_01,14.02349422,-5.722004149,0,0
2019_10_01,14.02349422,-5.722004149,0,0
2019_11_01,14.02349422,-5.722004149,0,0
2019_12_01,14.02349422,-5.722004149,0,0
2020_01_01,14.02349422,-5.722004149,0,0
2020_02_01,14.02349422,-5.722004149,0,0
2020_03_01,14.02349422,-5.722004149,0,0
2020_04_01,14.02349422,-5.722004149,0,0
2020_05_01,14.02349422,-5.722004149,0,0
2020_06_01,14.02349422,-5.722004149,0,0
2020_07_01,14.02349422,-5.722004149,0,0
2020_08_01,14.02349422,-5.722004149,0.117647059,0
2020_09_01,14.02349422,-5.722004149,0,0
2020_10_01,14.02349422,-5.722004149,0,0
2020_11_01,14.02349422,-5.722004149,0,0
2020_12_01,14.02349422,-5.722004149,0,0
2021_01_01,14.02349422,-5.722004149,0,0
2021_02_01,14.02349422,-5.722004149,0,0
2021_03_01,14.02349422,-5.722004149,0,0
2021_04_01,14.02349422,-5.722004149,0,0
2015_01_01,14.41227979,-5.027262961,0,1
2015_02_01,14.41227979,-5.027262961,0,1
2015_03_01,14.41227979,-5.027262961,0,1
2015_04_01,14.41227979,-5.027262961,0,1
2015_05_01,14.41227979,-5.027262961,0,1
2015_06_01,14.41227979,-5.027262961,0,1
2015_07_01,14.41227979,-5.027262961,0.073529412,1
2015_08_01,14.41227979,-5.027262961,0.073529412,1
2015_09_01,14.41227979,-5.027262961,0.029411765,1
2015_10_01,14.41227979,-5.027262961,0,1
2015_11_01,14.41227979,-5.027262961,0,1
2015_12_01,14.41227979,-5.027262961,0,1
2016_01_01,14.41227979,-5.027262961,0,1
2016_02_01,14.41227979,-5.027262961,0,1
2016_03_01,14.41227979,-5.027262961,0,1
2016_04_01,14.41227979,-5.027262961,0,1
2016_05_01,14.41227979,-5.027262961,0,1
2016_06_01,14.41227979,-5.027262961,0,1
2016_07_01,14.41227979,-5.027262961,0.058823529,1
2016_08_01,14.41227979,-5.027262961,0.014705882,1
2016_09_01,14.41227979,-5.027262961,0.029411765,1
2016_10_01,14.41227979,-5.027262961,0,1
2016_11_01,14.41227979,-5.027262961,0,1
2016_12_01,14.41227979,-5.027262961,0,1
2017_01_01,14.41227979,-5.027262961,0,1
2017_02_01,14.41227979,-5.027262961,0,1
2017_03_01,14.41227979,-5.027262961,0,1
2017_04_01,14.41227979,-5.027262961,0,1
2017_05_01,14.41227979,-5.027262961,0,1
2017_06_01,14.41227979,-5.027262961,0,1
2017_07_01,14.41227979,-5.027262961,0.088235294,1
2017_08_01,14.41227979,-5.027262961,0.073529412,1
2017_09_01,14.41227979,-5.027262961,0.044117647,1
2017_10_01,14.41227979,-5.027262961,0,1
2017_11_01,14.41227979,-5.027262961,0,1
2017_12_01,14.41227979,-5.027262961,0,1
2018_01_01,14.41227979,-5.027262961,0,1
2018_02_01,14.41227979,-5.027262961,0.014705882,1
2018_03_01,14.41227979,-5.027262961,0.014705882,1
2018_04_01,14.41227979,-5.027262961,0,1
2018_05_01,14.41227979,-5.027262961,0,1
2018_06_01,14.41227979,-5.027262961,0.014705882,1
2018_07_01,14.41227979,-5.027262961,0.029411765,1
2018_08_01,14.41227979,-5.027262961,0.014705882,1
2018_09_01,14.41227979,-5.027262961,0.029411765,1
2018_10_01,14.41227979,-5.027262961,0,1
2018_11_01,14.41227979,-5.027262961,0,1
2018_12_01,14.41227979,-5.027262961,0,1
2019_01_01,14.41227979,-5.027262961,0,1
2019_02_01,14.41227979,-5.027262961,0,1
2019_03_01,14.41227979,-5.027262961,0,1
2019_04_01,14.41227979,-5.027262961,0,1
2019_05_01,14.41227979,-5.027262961,0,1
2019_06_01,14.41227979,-5.027262961,0.029411765,1
2019_07_01,14.41227979,-5.027262961,0.029411765,1
2019_08_01,14.41227979,-5.027262961,0.058823529,1
2019_09_01,14.41227979,-5.027262961,0,1
2019_10_01,14.41227979,-5.027262961,0,1
2019_11_01,14.41227979,-5.027262961,0,1
2019_12_01,14.41227979,-5.027262961,0,1
2020_01_01,14.41227979,-5.027262961,0,1
2020_02_01,14.41227979,-5.027262961,0,1
2020_03_01,14.41227979,-5.027262961,0,1
2020_04_01,14.41227979,-5.027262961,0,1
2020_05_01,14.41227979,-5.027262961,0.014705882,1
2020_06_01,14.41227979,-5.027262961,0,1
2020_07_01,14.41227979,-5.027262961,0.029411765,1
2020_08_01,14.41227979,-5.027262961,0.044117647,1
2020_09_01,14.41227979,-5.027262961,0,1
2020_10_01,14.41227979,-5.027262961,0,1
2020_11_01,14.41227979,-5.027262961,0,1
2020_12_01,14.41227979,-5.027262961,0,1
2021_01_01,14.41227979,-5.027262961,0,1
2021_02_01,14.41227979,-5.027262961,0,1
2021_03_01,14.41227979,-5.027262961,0,1
2021_04_01,14.41227979,-5.027262961,0,1
2015_01_01,18.14190156,-6.682935213,0.007874016,2
2015_02_01,18.14190156,-6.682935213,0,2
2015_03_01,18.14190156,-6.682935213,0,2
2015_04_01,18.14190156,-6.682935213,0,2
2015_05_01,18.14190156,-6.682935213,0.047244094,2
2015_06_01,18.14190156,-6.682935213,0.188976378,2
2015_07_01,18.14190156,-6.682935213,0.078740157,2
2015_08_01,18.14190156,-6.682935213,0.039370079,2
2015_09_01,18.14190156,-6.682935213,0,2
2015_10_01,18.14190156,-6.682935213,0,2
2015_11_01,18.14190156,-6.682935213,0,2
2015_12_01,18.14190156,-6.682935213,0,2
2016_01_01,18.14190156,-6.682935213,0,2
2016_02_01,18.14190156,-6.682935213,0,2
2016_03_01,18.14190156,-6.682935213,0.015748031,2
2016_04_01,18.14190156,-6.682935213,0,2
2016_05_01,18.14190156,-6.682935213,0.078740157,2
2016_06_01,18.14190156,-6.682935213,0.228346457,2
2016_07_01,18.14190156,-6.682935213,0.102362205,2
2016_08_01,18.14190156,-6.682935213,0,2
2016_09_01,18.14190156,-6.682935213,0,2
2016_10_01,18.14190156,-6.682935213,0,2
2016_11_01,18.14190156,-6.682935213,0,2
2016_12_01,18.14190156,-6.682935213,0,2
2017_01_01,18.14190156,-6.682935213,0,2
2017_02_01,18.14190156,-6.682935213,0.007874016,2
2017_03_01,18.14190156,-6.682935213,0,2
2017_04_01,18.14190156,-6.682935213,0,2
2017_05_01,18.14190156,-6.682935213,0.05511811,2
2017_06_01,18.14190156,-6.682935213,0.244094488,2
2017_07_01,18.14190156,-6.682935213,0.133858268,2
2017_08_01,18.14190156,-6.682935213,0.007874016,2
2017_09_01,18.14190156,-6.682935213,0,2
2017_10_01,18.14190156,-6.682935213,0,2
2017_11_01,18.14190156,-6.682935213,0,2
2017_12_01,18.14190156,-6.682935213,0,2
2018_01_01,18.14190156,-6.682935213,0,2
2018_02_01,18.14190156,-6.682935213,0.007874016,2
2018_03_01,18.14190156,-6.682935213,0.05511811,2
2018_04_01,18.14190156,-6.682935213,0.007874016,2
2018_05_01,18.14190156,-6.682935213,0.007874016,2
2018_06_01,18.14190156,-6.682935213,0.196850394,2
2018_07_01,18.14190156,-6.682935213,0.125984252,2
2018_08_01,18.14190156,-6.682935213,0.007874016,2
2018_09_01,18.14190156,-6.682935213,0,2
2018_10_01,18.14190156,-6.682935213,0,2
2018_11_01,18.14190156,-6.682935213,0,2
2018_12_01,18.14190156,-6.682935213,0,2
2019_01_01,18.14190156,-6.682935213,0,2
2019_02_01,18.14190156,-6.682935213,0,2
2019_03_01,18.14190156,-6.682935213,0.007874016,2
2019_04_01,18.14190156,-6.682935213,0.007874016,2
2019_05_01,18.14190156,-6.682935213,0.031496063,2
2019_06_01,18.14190156,-6.682935213,0.236220472,2
2019_07_01,18.14190156,-6.682935213,0.173228346,2
2019_08_01,18.14190156,-6.682935213,0.007874016,2
2019_09_01,18.14190156,-6.682935213,0,2
2019_10_01,18.14190156,-6.682935213,0,2
2019_11_01,18.14190156,-6.682935213,0,2
2019_12_01,18.14190156,-6.682935213,0,2
2020_01_01,18.14190156,-6.682935213,0,2
2020_02_01,18.14190156,-6.682935213,0,2
2020_03_01,18.14190156,-6.682935213,0,2
2020_04_01,18.14190156,-6.682935213,0,2
2020_05_01,18.14190156,-6.682935213,0.05511811,2
2020_06_01,18.14190156,-6.682935213,0.25984252,2
2020_07_01,18.14190156,-6.682935213,0.11023622,2
2020_08_01,18.14190156,-6.682935213,0.007874016,2
2020_09_01,18.14190156,-6.682935213,0,2
2020_10_01,18.14190156,-6.682935213,0,2
2020_11_01,18.14190156,-6.682935213,0,2
2020_12_01,18.14190156,-6.682935213,0,2
2021_01_01,18.14190156,-6.682935213,0.007874016,2
2021_02_01,18.14190156,-6.682935213,0,2
2021_03_01,18.14190156,-6.682935213,0.007874016,2
2021_04_01,18.14190156,-6.682935213,0,2
2015_01_01,17.77462266,-3.805529038,0.004048583,3
2015_02_01,17.77462266,-3.805529038,0.004048583,3
2015_03_01,17.77462266,-3.805529038,0.004048583,3
2015_04_01,17.77462266,-3.805529038,0.008097166,3
2015_05_01,17.77462266,-3.805529038,0.004048583,3
2015_06_01,17.77462266,-3.805529038,0.04048583,3
2015_07_01,17.77462266,-3.805529038,0.032388664,3
2015_08_01,17.77462266,-3.805529038,0.012145749,3
2015_09_01,17.77462266,-3.805529038,0.036437247,3
2015_10_01,17.77462266,-3.805529038,0,3
2015_11_01,17.77462266,-3.805529038,0,3
2015_12_01,17.77462266,-3.805529038,0,3
2016_01_01,17.77462266,-3.805529038,0,3
2016_02_01,17.77462266,-3.805529038,0,3
2016_03_01,17.77462266,-3.805529038,0,3
2016_04_01,17.77462266,-3.805529038,0.004048583,3
2016_05_01,17.77462266,-3.805529038,0.032388664,3
2016_06_01,17.77462266,-3.805529038,0.044534413,3
2016_07_01,17.77462266,-3.805529038,0.012145749,3
2016_08_01,17.77462266,-3.805529038,0.028340081,3
2016_09_01,17.77462266,-3.805529038,0.004048583,3
2016_10_01,17.77462266,-3.805529038,0,3
2016_11_01,17.77462266,-3.805529038,0,3
2016_12_01,17.77462266,-3.805529038,0,3
2017_01_01,17.77462266,-3.805529038,0,3
2017_02_01,17.77462266,-3.805529038,0,3
2017_03_01,17.77462266,-3.805529038,0.008097166,3
2017_04_01,17.77462266,-3.805529038,0.004048583,3
2017_05_01,17.77462266,-3.805529038,0.016194332,3
2017_06_01,17.77462266,-3.805529038,0.032388664,3
2017_07_01,17.77462266,-3.805529038,0.024291498,3
2017_08_01,17.77462266,-3.805529038,0.008097166,3
2017_09_01,17.77462266,-3.805529038,0.028340081,3
2017_10_01,17.77462266,-3.805529038,0,3
2017_11_01,17.77462266,-3.805529038,0,3
2017_12_01,17.77462266,-3.805529038,0,3
2018_01_01,17.77462266,-3.805529038,0,3
2018_02_01,17.77462266,-3.805529038,0.004048583,3
2018_03_01,17.77462266,-3.805529038,0.024291498,3
2018_04_01,17.77462266,-3.805529038,0,3
2018_05_01,17.77462266,-3.805529038,0,3
2018_06_01,17.77462266,-3.805529038,0.032388664,3
2018_07_01,17.77462266,-3.805529038,0.012145749,3
2018_08_01,17.77462266,-3.805529038,0.016194332,3
2018_09_01,17.77462266,-3.805529038,0.008097166,3
2018_10_01,17.77462266,-3.805529038,0,3
2018_11_01,17.77462266,-3.805529038,0,3
2018_12_01,17.77462266,-3.805529038,0,3
2019_01_01,17.77462266,-3.805529038,0,3
2019_02_01,17.77462266,-3.805529038,0,3
2019_03_01,17.77462266,-3.805529038,0.012145749,3
2019_04_01,17.77462266,-3.805529038,0.016194332,3
2019_05_01,17.77462266,-3.805529038,0,3
2019_06_01,17.77462266,-3.805529038,0.036437247,3
2019_07_01,17.77462266,-3.805529038,0.008097166,3
2019_08_01,17.77462266,-3.805529038,0.028340081,3
2019_09_01,17.77462266,-3.805529038,0.004048583,3
2019_10_01,17.77462266,-3.805529038,0,3
2019_11_01,17.77462266,-3.805529038,0,3
2019_12_01,17.77462266,-3.805529038,0,3
2020_01_01,17.77462266,-3.805529038,0,3
2020_02_01,17.77462266,-3.805529038,0,3
2020_03_01,17.77462266,-3.805529038,0.016194332,3
2020_04_01,17.77462266,-3.805529038,0,3
2020_05_01,17.77462266,-3.805529038,0.008097166,3
2020_06_01,17.77462266,-3.805529038,0.020242915,3
2020_07_01,17.77462266,-3.805529038,0.016194332,3
2020_08_01,17.77462266,-3.805529038,0.036437247,3
2020_09_01,17.77462266,-3.805529038,0.012145749,3
2020_10_01,17.77462266,-3.805529038,0,3
2020_11_01,17.77462266,-3.805529038,0,3
2020_12_01,17.77462266,-3.805529038,0,3
2021_01_01,17.77462266,-3.805529038,0,3
2021_02_01,17.77462266,-3.805529038,0,3
2021_03_01,17.77462266,-3.805529038,0,3
2021_04_01,17.77462266,-3.805529038,0,3
2015_01_01,18.44154128,-0.482073523,0,4
2015_02_01,18.44154128,-0.482073523,0,4
2015_03_01,18.44154128,-0.482073523,0,4
2015_04_01,18.44154128,-0.482073523,0,4
2015_05_01,18.44154128,-0.482073523,0,4
2015_06_01,18.44154128,-0.482073523,0,4
2015_07_01,18.44154128,-0.482073523,0.007462687,4
2015_08_01,18.44154128,-0.482073523,0,4
2015_09_01,18.44154128,-0.482073523,0,4
2015_10_01,18.44154128,-0.482073523,0,4
2015_11_01,18.44154128,-0.482073523,0,4
2015_12_01,18.44154128,-0.482073523,0,4
2016_01_01,18.44154128,-0.482073523,0,4
2016_02_01,18.44154128,-0.482073523,0,4
2016_03_01,18.44154128,-0.482073523,0,4
2016_04_01,18.44154128,-0.482073523,0.007462687,4
2016_05_01,18.44154128,-0.482073523,0,4
2016_06_01,18.44154128,-0.482073523,0,4
2016_07_01,18.44154128,-0.482073523,0,4
2016_08_01,18.44154128,-0.482073523,0,4
2016_09_01,18.44154128,-0.482073523,0,4
2016_10_01,18.44154128,-0.482073523,0,4
2016_11_01,18.44154128,-0.482073523,0,4
2016_12_01,18.44154128,-0.482073523,0,4
2017_01_01,18.44154128,-0.482073523,0,4
2017_02_01,18.44154128,-0.482073523,0,4
2017_03_01,18.44154128,-0.482073523,0,4
2017_04_01,18.44154128,-0.482073523,0,4
2017_05_01,18.44154128,-0.482073523,0,4
2017_06_01,18.44154128,-0.482073523,0,4
2017_07_01,18.44154128,-0.482073523,0,4
2017_08_01,18.44154128,-0.482073523,0,4
2017_09_01,18.44154128,-0.482073523,0,4
2017_10_01,18.44154128,-0.482073523,0,4
2017_11_01,18.44154128,-0.482073523,0,4
2017_12_01,18.44154128,-0.482073523,0,4
2018_01_01,18.44154128,-0.482073523,0,4
2018_02_01,18.44154128,-0.482073523,0,4
2018_03_01,18.44154128,-0.482073523,0,4
2018_04_01,18.44154128,-0.482073523,0,4
2018_05_01,18.44154128,-0.482073523,0,4
2018_06_01,18.44154128,-0.482073523,0,4
2018_07_01,18.44154128,-0.482073523,0,4
2018_08_01,18.44154128,-0.482073523,0,4
2018_09_01,18.44154128,-0.482073523,0,4
2018_10_01,18.44154128,-0.482073523,0,4
2018_11_01,18.44154128,-0.482073523,0,4
2018_12_01,18.44154128,-0.482073523,0,4
2019_01_01,18.44154128,-0.482073523,0,4
2019_02_01,18.44154128,-0.482073523,0,4
2019_03_01,18.44154128,-0.482073523,0,4
2019_04_01,18.44154128,-0.482073523,0,4
2019_05_01,18.44154128,-0.482073523,0,4
2019_06_01,18.44154128,-0.482073523,0,4
2019_07_01,18.44154128,-0.482073523,0,4
2019_08_01,18.44154128,-0.482073523,0,4
2019_09_01,18.44154128,-0.482073523,0,4
2019_10_01,18.44154128,-0.482073523,0,4
2019_11_01,18.44154128,-0.482073523,0,4
2019_12_01,18.44154128,-0.482073523,0,4
2020_01_01,18.44154128,-0.482073523,0,4
2020_02_01,18.44154128,-0.482073523,0,4
2020_03_01,18.44154128,-0.482073523,0,4
2020_04_01,18.44154128,-0.482073523,0.007462687,4
2020_05_01,18.44154128,-0.482073523,0,4
2020_06_01,18.44154128,-0.482073523,0,4
2020_07_01,18.44154128,-0.482073523,0,4
2020_08_01,18.44154128,-0.482073523,0,4
2020_09_01,18.44154128,-0.482073523,0,4
2020_10_01,18.44154128,-0.482073523,0,4
2020_11_01,18.44154128,-0.482073523,0,4
2020_12_01,18.44154128,-0.482073523,0,4
2021_01_01,18.44154128,-0.482073523,0,4
2021_02_01,18.44154128,-0.482073523,0,4
2021_03_01,18.44154128,-0.482073523,0,4
2021_04_01,18.44154128,-0.482073523,0,4
2015_01_01,18.96555667,2.959948861,0.013888889,5
2015_02_01,18.96555667,2.959948861,0,5
2015_03_01,18.96555667,2.959948861,0,5
2015_04_01,18.96555667,2.959948861,0,5
2015_05_01,18.96555667,2.959948861,0,5
2015_06_01,18.96555667,2.959948861,0,5
2015_07_01,18.96555667,2.959948861,0,5
2015_08_01,18.96555667,2.959948861,0,5
2015_09_01,18.96555667,2.959948861,0,5
2015_10_01,18.96555667,2.959948861,0,5
2015_11_01,18.96555667,2.959948861,0.027777778,5
2015_12_01,18.96555667,2.959948861,0.055555556,5
2016_01_01,18.96555667,2.959948861,0.027777778,5
2016_02_01,18.96555667,2.959948861,0.013888889,5
2016_03_01,18.96555667,2.959948861,0,5
2016_04_01,18.96555667,2.959948861,0,5
2016_05_01,18.96555667,2.959948861,0,5
2016_06_01,18.96555667,2.959948861,0,5
2016_07_01,18.96555667,2.959948861,0,5
2016_08_01,18.96555667,2.959948861,0,5
2016_09_01,18.96555667,2.959948861,0,5
2016_10_01,18.96555667,2.959948861,0,5
2016_11_01,18.96555667,2.959948861,0,5
2016_12_01,18.96555667,2.959948861,0.041666667,5
2017_01_01,18.96555667,2.959948861,0.027777778,5
2017_02_01,18.96555667,2.959948861,0.041666667,5
2017_03_01,18.96555667,2.959948861,0,5
2017_04_01,18.96555667,2.959948861,0,5
2017_05_01,18.96555667,2.959948861,0,5
2017_06_01,18.96555667,2.959948861,0,5
2017_07_01,18.96555667,2.959948861,0,5
2017_08_01,18.96555667,2.959948861,0,5
2017_09_01,18.96555667,2.959948861,0,5
2017_10_01,18.96555667,2.959948861,0,5
2017_11_01,18.96555667,2.959948861,0.013888889,5
2017_12_01,18.96555667,2.959948861,0,5
2018_01_01,18.96555667,2.959948861,0.083333333,5
2018_02_01,18.96555667,2.959948861,0,5
2018_03_01,18.96555667,2.959948861,0,5
2018_04_01,18.96555667,2.959948861,0.013888889,5
2018_05_01,18.96555667,2.959948861,0,5
2018_06_01,18.96555667,2.959948861,0,5
2018_07_01,18.96555667,2.959948861,0,5
2018_08_01,18.96555667,2.959948861,0,5
2018_09_01,18.96555667,2.959948861,0,5
2018_10_01,18.96555667,2.959948861,0.013888889,5
2018_11_01,18.96555667,2.959948861,0.027777778,5
2018_12_01,18.96555667,2.959948861,0,5
2019_01_01,18.96555667,2.959948861,0.069444444,5
2019_02_01,18.96555667,2.959948861,0.013888889,5
2019_03_01,18.96555667,2.959948861,0,5
2019_04_01,18.96555667,2.959948861,0,5
2019_05_01,18.96555667,2.959948861,0,5
2019_06_01,18.96555667,2.959948861,0,5
2019_07_01,18.96555667,2.959948861,0,5
2019_08_01,18.96555667,2.959948861,0,5
2019_09_01,18.96555667,2.959948861,0,5
2019_10_01,18.96555667,2.959948861,0,5
2019_11_01,18.96555667,2.959948861,0.055555556,5
2019_12_01,18.96555667,2.959948861,0.027777778,5
2020_01_01,18.96555667,2.959948861,0.027777778,5
2020_02_01,18.96555667,2.959948861,0.013888889,5
2020_03_01,18.96555667,2.959948861,0,5
2020_04_01,18.96555667,2.959948861,0,5
2020_05_01,18.96555667,2.959948861,0,5
2020_06_01,18.96555667,2.959948861,0,5
2020_07_01,18.96555667,2.959948861,0,5
2020_08_01,18.96555667,2.959948861,0,5
2020_09_01,18.96555667,2.959948861,0,5
2020_10_01,18.96555667,2.959948861,0,5
2020_11_01,18.96555667,2.959948861,0.055555556,5
2020_12_01,18.96555667,2.959948861,0.027777778,5
2021_01_01,18.96555667,2.959948861,0,5
2021_02_01,18.96555667,2.959948861,0.041666667,5
2021_03_01,18.96555667,2.959948861,0.013888889,5
2021_04_01,18.96555667,2.959948861,0,5
2015_01_01,22.51201742,-9.878867739,0,6
2015_02_01,22.51201742,-9.878867739,0,6
2015_03_01,22.51201742,-9.878867739,0,6
2015_04_01,22.51201742,-9.878867739,0,6
2015_05_01,22.51201742,-9.878867739,0.052631579,6
2015_06_01,22.51201742,-9.878867739,0.052631579,6
2015_07_01,22.51201742,-9.878867739,0.184210526,6
2015_08_01,22.51201742,-9.878867739,0.210526316,6
2015_09_01,22.51201742,-9.878867739,0.078947368,6
2015_10_01,22.51201742,-9.878867739,0,6
2015_11_01,22.51201742,-9.878867739,0,6
2015_12_01,22.51201742,-9.878867739,0,6
2016_01_01,22.51201742,-9.878867739,0,6
2016_02_01,22.51201742,-9.878867739,0,6
2016_03_01,22.51201742,-9.878867739,0,6
2016_04_01,22.51201742,-9.878867739,0,6
2016_05_01,22.51201742,-9.878867739,0.026315789,6
2016_06_01,22.51201742,-9.878867739,0.026315789,6
2016_07_01,22.51201742,-9.878867739,0.210526316,6
2016_08_01,22.51201742,-9.878867739,0.210526316,6
2016_09_01,22.51201742,-9.878867739,0.026315789,6
2016_10_01,22.51201742,-9.878867739,0,6
2016_11_01,22.51201742,-9.878867739,0,6
2016_12_01,22.51201742,-9.878867739,0,6
2017_01_01,22.51201742,-9.878867739,0,6
2017_02_01,22.51201742,-9.878867739,0,6
2017_03_01,22.51201742,-9.878867739,0,6
2017_04_01,22.51201742,-9.878867739,0,6
2017_05_01,22.51201742,-9.878867739,0.026315789,6
2017_06_01,22.51201742,-9.878867739,0.026315789,6
2017_07_01,22.51201742,-9.878867739,0.210526316,6
2017_08_01,22.51201742,-9.878867739,0.184210526,6
2017_09_01,22.51201742,-9.878867739,0.052631579,6
2017_10_01,22.51201742,-9.878867739,0,6
2017_11_01,22.51201742,-9.878867739,0,6
2017_12_01,22.51201742,-9.878867739,0,6
2018_01_01,22.51201742,-9.878867739,0,6
2018_02_01,22.51201742,-9.878867739,0,6
2018_03_01,22.51201742,-9.878867739,0,6
2018_04_01,22.51201742,-9.878867739,0,6
2018_05_01,22.51201742,-9.878867739,0,6
2018_06_01,22.51201742,-9.878867739,0.052631579,6
2018_07_01,22.51201742,-9.878867739,0.184210526,6
2018_08_01,22.51201742,-9.878867739,0.210526316,6
2018_09_01,22.51201742,-9.878867739,0.052631579,6
2018_10_01,22.51201742,-9.878867739,0,6
2018_11_01,22.51201742,-9.878867739,0,6
2018_12_01,22.51201742,-9.878867739,0,6
2019_01_01,22.51201742,-9.878867739,0,6
2019_02_01,22.51201742,-9.878867739,0.026315789,6
2019_03_01,22.51201742,-9.878867739,0,6
2019_04_01,22.51201742,-9.878867739,0,6
2019_05_01,22.51201742,-9.878867739,0.052631579,6
2019_06_01,22.51201742,-9.878867739,0.157894737,6
2019_07_01,22.51201742,-9.878867739,0.289473684,6
2019_08_01,22.51201742,-9.878867739,0.105263158,6
2019_09_01,22.51201742,-9.878867739,0,6
2019_10_01,22.51201742,-9.878867739,0,6
2019_11_01,22.51201742,-9.878867739,0,6
2019_12_01,22.51201742,-9.878867739,0,6
2020_01_01,22.51201742,-9.878867739,0,6
2020_02_01,22.51201742,-9.878867739,0,6
2020_03_01,22.51201742,-9.878867739,0,6
2020_04_01,22.51201742,-9.878867739,0,6
2020_05_01,22.51201742,-9.878867739,0.026315789,6
2020_06_01,22.51201742,-9.878867739,0.026315789,6
2020_07_01,22.51201742,-9.878867739,0.210526316,6
2020_08_01,22.51201742,-9.878867739,0.157894737,6
2020_09_01,22.51201742,-9.878867739,0.052631579,6
2020_10_01,22.51201742,-9.878867739,0,6
2020_11_01,22.51201742,-9.878867739,0,6
2020_12_01,22.51201742,-9.878867739,0,6
2021_01_01,22.51201742,-9.878867739,0,6
2021_02_01,22.51201742,-9.878867739,0,6
2021_03_01,22.51201742,-9.878867739,0,6
2021_04_01,22.51201742,-9.878867739,0,6
2015_01_01,21.56056495,-6.784650949,0,7
2015_02_01,21.56056495,-6.784650949,0,7
2015_03_01,21.56056495,-6.784650949,0,7
2015_04_01,21.56056495,-6.784650949,0,7
2015_05_01,21.56056495,-6.784650949,0.034722222,7
2015_06_01,21.56056495,-6.784650949,0.048611111,7
2015_07_01,21.56056495,-6.784650949,0.083333333,7
2015_08_01,21.56056495,-6.784650949,0,7
2015_09_01,21.56056495,-6.784650949,0,7
2015_10_01,21.56056495,-6.784650949,0,7
2015_11_01,21.56056495,-6.784650949,0,7
2015_12_01,21.56056495,-6.784650949,0,7
2016_01_01,21.56056495,-6.784650949,0,7
2016_02_01,21.56056495,-6.784650949,0,7
2016_03_01,21.56056495,-6.784650949,0,7
2016_04_01,21.56056495,-6.784650949,0,7
2016_05_01,21.56056495,-6.784650949,0.041666667,7
2016_06_01,21.56056495,-6.784650949,0.069444444,7
2016_07_01,21.56056495,-6.784650949,0.055555556,7
2016_08_01,21.56056495,-6.784650949,0.006944444,7
2016_09_01,21.56056495,-6.784650949,0.006944444,7
2016_10_01,21.56056495,-6.784650949,0,7
2016_11_01,21.56056495,-6.784650949,0,7
2016_12_01,21.56056495,-6.784650949,0,7
2017_01_01,21.56056495,-6.784650949,0,7
2017_02_01,21.56056495,-6.784650949,0,7
2017_03_01,21.56056495,-6.784650949,0,7
2017_04_01,21.56056495,-6.784650949,0,7
2017_05_01,21.56056495,-6.784650949,0.013888889,7
2017_06_01,21.56056495,-6.784650949,0.125,7
2017_07_01,21.56056495,-6.784650949,0.041666667,7
2017_08_01,21.56056495,-6.784650949,0.006944444,7
2017_09_01,21.56056495,-6.784650949,0,7
2017_10_01,21.56056495,-6.784650949,0,7
2017_11_01,21.56056495,-6.784650949,0,7
2017_12_01,21.56056495,-6.784650949,0,7
2018_01_01,21.56056495,-6.784650949,0,7
2018_02_01,21.56056495,-6.784650949,0,7
2018_03_01,21.56056495,-6.784650949,0,7
2018_04_01,21.56056495,-6.784650949,0,7
2018_05_01,21.56056495,-6.784650949,0.034722222,7
2018_06_01,21.56056495,-6.784650949,0.111111111,7
2018_07_01,21.56056495,-6.784650949,0.048611111,7
2018_08_01,21.56056495,-6.784650949,0,7
2018_09_01,21.56056495,-6.784650949,0,7
2018_10_01,21.56056495,-6.784650949,0,7
2018_11_01,21.56056495,-6.784650949,0,7
2018_12_01,21.56056495,-6.784650949,0,7
2019_01_01,21.56056495,-6.784650949,0,7
2019_02_01,21.56056495,-6.784650949,0,7
2019_03_01,21.56056495,-6.784650949,0,7
2019_04_01,21.56056495,-6.784650949,0,7
2019_05_01,21.56056495,-6.784650949,0.006944444,7
2019_06_01,21.56056495,-6.784650949,0.118055556,7
2019_07_01,21.56056495,-6.784650949,0.048611111,7
2019_08_01,21.56056495,-6.784650949,0,7
2019_09_01,21.56056495,-6.784650949,0,7
2019_10_01,21.56056495,-6.784650949,0,7
2019_11_01,21.56056495,-6.784650949,0,7
2019_12_01,21.56056495,-6.784650949,0,7
2020_01_01,21.56056495,-6.784650949,0,7
2020_02_01,21.56056495,-6.784650949,0,7
2020_03_01,21.56056495,-6.784650949,0,7
2020_04_01,21.56056495,-6.784650949,0.013888889,7
2020_05_01,21.56056495,-6.784650949,0.111111111,7
2020_06_01,21.56056495,-6.784650949,0.069444444,7
2020_07_01,21.56056495,-6.784650949,0.048611111,7
2020_08_01,21.56056495,-6.784650949,0.013888889,7
2020_09_01,21.56056495,-6.784650949,0,7
2020_10_01,21.56056495,-6.784650949,0,7
2020_11_01,21.56056495,-6.784650949,0,7
2020_12_01,21.56056495,-6.784650949,0,7
2021_01_01,21.56056495,-6.784650949,0,7
2021_02_01,21.56056495,-6.784650949,0,7
2021_03_01,21.56056495,-6.784650949,0,7
2021_04_01,21.56056495,-6.784650949,0,7
2015_01_01,21.29769911,-3.744371858,0,8
2015_02_01,21.29769911,-3.744371858,0,8
2015_03_01,21.29769911,-3.744371858,0,8
2015_04_01,21.29769911,-3.744371858,0,8
2015_05_01,21.29769911,-3.744371858,0,8
2015_06_01,21.29769911,-3.744371858,0.011764706,8
2015_07_01,21.29769911,-3.744371858,0.011764706,8
2015_08_01,21.29769911,-3.744371858,0.007843137,8
2015_09_01,21.29769911,-3.744371858,0,8
2015_10_01,21.29769911,-3.744371858,0,8
2015_11_01,21.29769911,-3.744371858,0,8
2015_12_01,21.29769911,-3.744371858,0,8
2016_01_01,21.29769911,-3.744371858,0,8
2016_02_01,21.29769911,-3.744371858,0,8
2016_03_01,21.29769911,-3.744371858,0,8
2016_04_01,21.29769911,-3.744371858,0.003921569,8
2016_05_01,21.29769911,-3.744371858,0.011764706,8
2016_06_01,21.29769911,-3.744371858,0.007843137,8
2016_07_01,21.29769911,-3.744371858,0.011764706,8
2016_08_01,21.29769911,-3.744371858,0.003921569,8
2016_09_01,21.29769911,-3.744371858,0,8
2016_10_01,21.29769911,-3.744371858,0,8
2016_11_01,21.29769911,-3.744371858,0,8
2016_12_01,21.29769911,-3.744371858,0,8
2017_01_01,21.29769911,-3.744371858,0,8
2017_02_01,21.29769911,-3.744371858,0,8
2017_03_01,21.29769911,-3.744371858,0,8
2017_04_01,21.29769911,-3.744371858,0,8
2017_05_01,21.29769911,-3.744371858,0.011764706,8
2017_06_01,21.29769911,-3.744371858,0.007843137,8
2017_07_01,21.29769911,-3.744371858,0.007843137,8
2017_08_01,21.29769911,-3.744371858,0,8
2017_09_01,21.29769911,-3.744371858,0,8
2017_10_01,21.29769911,-3.744371858,0,8
2017_11_01,21.29769911,-3.744371858,0,8
2017_12_01,21.29769911,-3.744371858,0,8
2018_01_01,21.29769911,-3.744371858,0,8
2018_02_01,21.29769911,-3.744371858,0,8
2018_03_01,21.29769911,-3.744371858,0.003921569,8
2018_04_01,21.29769911,-3.744371858,0,8
2018_05_01,21.29769911,-3.744371858,0,8
2018_06_01,21.29769911,-3.744371858,0.011764706,8
2018_07_01,21.29769911,-3.744371858,0.011764706,8
2018_08_01,21.29769911,-3.744371858,0.007843137,8
2018_09_01,21.29769911,-3.744371858,0,8
2018_10_01,21.29769911,-3.744371858,0,8
2018_11_01,21.29769911,-3.744371858,0,8
2018_12_01,21.29769911,-3.744371858,0,8
2019_01_01,21.29769911,-3.744371858,0,8
2019_02_01,21.29769911,-3.744371858,0,8
2019_03_01,21.29769911,-3.744371858,0,8
2019_04_01,21.29769911,-3.744371858,0,8
2019_05_01,21.29769911,-3.744371858,0,8
2019_06_01,21.29769911,-3.744371858,0.007843137,8
2019_07_01,21.29769911,-3.744371858,0.003921569,8
2019_08_01,21.29769911,-3.744371858,0,8
2019_09_01,21.29769911,-3.744371858,0,8
2019_10_01,21.29769911,-3.744371858,0,8
2019_11_01,21.29769911,-3.744371858,0,8
2019_12_01,21.29769911,-3.744371858,0,8
2020_01_01,21.29769911,-3.744371858,0,8
2020_02_01,21.29769911,-3.744371858,0,8
2020_03_01,21.29769911,-3.744371858,0.003921569,8
2020_04_01,21.29769911,-3.744371858,0,8
2020_05_01,21.29769911,-3.744371858,0.003921569,8
2020_06_01,21.29769911,-3.744371858,0.007843137,8
2020_07_01,21.29769911,-3.744371858,0.015686275,8
2020_08_01,21.29769911,-3.744371858,0.019607843,8
2020_09_01,21.29769911,-3.744371858,0,8
2020_10_01,21.29769911,-3.744371858,0,8
2020_11_01,21.29769911,-3.744371858,0,8
2020_12_01,21.29769911,-3.744371858,0,8
2021_01_01,21.29769911,-3.744371858,0,8
2021_02_01,21.29769911,-3.744371858,0,8
2021_03_01,21.29769911,-3.744371858,0,8
2021_04_01,21.29769911,-3.744371858,0,8
2015_01_01,21.29108284,-0.266051043,0,9
2015_02_01,21.29108284,-0.266051043,0,9
2015_03_01,21.29108284,-0.266051043,0,9
2015_04_01,21.29108284,-0.266051043,0,9
2015_05_01,21.29108284,-0.266051043,0,9
2015_06_01,21.29108284,-0.266051043,0,9
2015_07_01,21.29108284,-0.266051043,0,9
2015_08_01,21.29108284,-0.266051043,0,9
2015_09_01,21.29108284,-0.266051043,0,9
2015_10_01,21.29108284,-0.266051043,0,9
2015_11_01,21.29108284,-0.266051043,0,9
2015_12_01,21.29108284,-0.266051043,0,9
2016_01_01,21.29108284,-0.266051043,0,9
2016_02_01,21.29108284,-0.266051043,0,9
2016_03_01,21.29108284,-0.266051043,0,9
2016_04_01,21.29108284,-0.266051043,0,9
2016_05_01,21.29108284,-0.266051043,0,9
2016_06_01,21.29108284,-0.266051043,0,9
2016_07_01,21.29108284,-0.266051043,0,9
2016_08_01,21.29108284,-0.266051043,0,9
2016_09_01,21.29108284,-0.266051043,0,9
2016_10_01,21.29108284,-0.266051043,0,9
2016_11_01,21.29108284,-0.266051043,0,9
2016_12_01,21.29108284,-0.266051043,0,9
2017_01_01,21.29108284,-0.266051043,0,9
2017_02_01,21.29108284,-0.266051043,0,9
2017_03_01,21.29108284,-0.266051043,0,9
2017_04_01,21.29108284,-0.266051043,0,9
2017_05_01,21.29108284,-0.266051043,0,9
2017_06_01,21.29108284,-0.266051043,0,9
2017_07_01,21.29108284,-0.266051043,0,9
2017_08_01,21.29108284,-0.266051043,0,9
2017_09_01,21.29108284,-0.266051043,0,9
2017_10_01,21.29108284,-0.266051043,0,9
2017_11_01,21.29108284,-0.266051043,0,9
2017_12_01,21.29108284,-0.266051043,0,9
2018_01_01,21.29108284,-0.266051043,0,9
2018_02_01,21.29108284,-0.266051043,0,9
2018_03_01,21.29108284,-0.266051043,0,9
2018_04_01,21.29108284,-0.266051043,0,9
2018_05_01,21.29108284,-0.266051043,0,9
2018_06_01,21.29108284,-0.266051043,0,9
2018_07_01,21.29108284,-0.266051043,0,9
2018_08_01,21.29108284,-0.266051043,0,9
2018_09_01,21.29108284,-0.266051043,0,9
2018_10_01,21.29108284,-0.266051043,0,9
2018_11_01,21.29108284,-0.266051043,0,9
2018_12_01,21.29108284,-0.266051043,0,9
2019_01_01,21.29108284,-0.266051043,0,9
2019_02_01,21.29108284,-0.266051043,0,9
2019_03_01,21.29108284,-0.266051043,0,9
2019_04_01,21.29108284,-0.266051043,0,9
2019_05_01,21.29108284,-0.266051043,0,9
2019_06_01,21.29108284,-0.266051043,0,9
2019_07_01,21.29108284,-0.266051043,0,9
2019_08_01,21.29108284,-0.266051043,0,9
2019_09_01,21.29108284,-0.266051043,0,9
2019_10_01,21.29108284,-0.266051043,0,9
2019_11_01,21.29108284,-0.266051043,0,9
2019_12_01,21.29108284,-0.266051043,0,9
2020_01_01,21.29108284,-0.266051043,0,9
2020_02_01,21.29108284,-0.266051043,0,9
2020_03_01,21.29108284,-0.266051043,0,9
2020_04_01,21.29108284,-0.266051043,0,9
2020_05_01,21.29108284,-0.266051043,0,9
2020_06_01,21.29108284,-0.266051043,0,9
2020_07_01,21.29108284,-0.266051043,0,9
2020_08_01,21.29108284,-0.266051043,0,9
2020_09_01,21.29108284,-0.266051043,0,9
2020_10_01,21.29108284,-0.266051043,0,9
2020_11_01,21.29108284,-0.266051043,0,9
2020_12_01,21.29108284,-0.266051043,0,9
2021_01_01,21.29108284,-0.266051043,0,9
2021_02_01,21.29108284,-0.266051043,0,9
2021_03_01,21.29108284,-0.266051043,0,9
2021_04_01,21.29108284,-0.266051043,0,9
2015_01_01,21.23816274,2.973731233,0.01369863,10
2015_02_01,21.23816274,2.973731233,0.01369863,10
2015_03_01,21.23816274,2.973731233,0.00913242,10
2015_04_01,21.23816274,2.973731233,0,10
2015_05_01,21.23816274,2.973731233,0,10
2015_06_01,21.23816274,2.973731233,0,10
2015_07_01,21.23816274,2.973731233,0,10
2015_08_01,21.23816274,2.973731233,0,10
2015_09_01,21.23816274,2.973731233,0,10
2015_10_01,21.23816274,2.973731233,0.00456621,10
2015_11_01,21.23816274,2.973731233,0.00456621,10
2015_12_01,21.23816274,2.973731233,0.02739726,10
2016_01_01,21.23816274,2.973731233,0.01369863,10
2016_02_01,21.23816274,2.973731233,0.01369863,10
2016_03_01,21.23816274,2.973731233,0,10
2016_04_01,21.23816274,2.973731233,0,10
2016_05_01,21.23816274,2.973731233,0,10
2016_06_01,21.23816274,2.973731233,0,10
2016_07_01,21.23816274,2.973731233,0,10
2016_08_01,21.23816274,2.973731233,0,10
2016_09_01,21.23816274,2.973731233,0,10
2016_10_01,21.23816274,2.973731233,0,10
2016_11_01,21.23816274,2.973731233,0.00913242,10
2016_12_01,21.23816274,2.973731233,0.01369863,10
2017_01_01,21.23816274,2.973731233,0.00456621,10
2017_02_01,21.23816274,2.973731233,0.01826484,10
2017_03_01,21.23816274,2.973731233,0,10
2017_04_01,21.23816274,2.973731233,0,10
2017_05_01,21.23816274,2.973731233,0,10
2017_06_01,21.23816274,2.973731233,0,10
2017_07_01,21.23816274,2.973731233,0,10
2017_08_01,21.23816274,2.973731233,0,10
2017_09_01,21.23816274,2.973731233,0,10
2017_10_01,21.23816274,2.973731233,0,10
2017_11_01,21.23816274,2.973731233,0,10
2017_12_01,21.23816274,2.973731233,0.02283105,10
2018_01_01,21.23816274,2.973731233,0.00913242,10
2018_02_01,21.23816274,2.973731233,0.00456621,10
2018_03_01,21.23816274,2.973731233,0.00456621,10
2018_04_01,21.23816274,2.973731233,0,10
2018_05_01,21.23816274,2.973731233,0,10
2018_06_01,21.23816274,2.973731233,0,10
2018_07_01,21.23816274,2.973731233,0,10
2018_08_01,21.23816274,2.973731233,0.00456621,10
2018_09_01,21.23816274,2.973731233,0,10
2018_10_01,21.23816274,2.973731233,0,10
2018_11_01,21.23816274,2.973731233,0.00456621,10
2018_12_01,21.23816274,2.973731233,0.02739726,10
2019_01_01,21.23816274,2.973731233,0.02739726,10
2019_02_01,21.23816274,2.973731233,0.02739726,10
2019_03_01,21.23816274,2.973731233,0,10
2019_04_01,21.23816274,2.973731233,0,10
2019_05_01,21.23816274,2.973731233,0,10
2019_06_01,21.23816274,2.973731233,0,10
2019_07_01,21.23816274,2.973731233,0,10
2019_08_01,21.23816274,2.973731233,0,10
2019_09_01,21.23816274,2.973731233,0,10
2019_10_01,21.23816274,2.973731233,0,10
2019_11_01,21.23816274,2.973731233,0,10
2019_12_01,21.23816274,2.973731233,0.01369863,10
2020_01_01,21.23816274,2.973731233,0.0456621,10
2020_02_01,21.23816274,2.973731233,0.00913242,10
2020_03_01,21.23816274,2.973731233,0.00913242,10
2020_04_01,21.23816274,2.973731233,0,10
2020_05_01,21.23816274,2.973731233,0,10
2020_06_01,21.23816274,2.973731233,0,10
2020_07_01,21.23816274,2.973731233,0,10
2020_08_01,21.23816274,2.973731233,0,10
2020_09_01,21.23816274,2.973731233,0,10
2020_10_01,21.23816274,2.973731233,0,10
2020_11_01,21.23816274,2.973731233,0.00913242,10
2020_12_01,21.23816274,2.973731233,0.01826484,10
2021_01_01,21.23816274,2.973731233,0.01369863,10
2021_02_01,21.23816274,2.973731233,0.02283105,10
2021_03_01,21.23816274,2.973731233,0.00456621,10
2021_04_01,21.23816274,2.973731233,0,10
2015_01_01,24.91290062,-10.23112219,0,11
2015_02_01,24.91290062,-10.23112219,0,11
2015_03_01,24.91290062,-10.23112219,0,11
2015_04_01,24.91290062,-10.23112219,0,11
2015_05_01,24.91290062,-10.23112219,0.012269939,11
2015_06_01,24.91290062,-10.23112219,0.042944785,11
2015_07_01,24.91290062,-10.23112219,0.098159509,11
2015_08_01,24.91290062,-10.23112219,0.128834356,11
2015_09_01,24.91290062,-10.23112219,0.024539877,11
2015_10_01,24.91290062,-10.23112219,0,11
2015_11_01,24.91290062,-10.23112219,0,11
2015_12_01,24.91290062,-10.23112219,0,11
2016_01_01,24.91290062,-10.23112219,0,11
2016_02_01,24.91290062,-10.23112219,0,11
2016_03_01,24.91290062,-10.23112219,0,11
2016_04_01,24.91290062,-10.23112219,0,11
2016_05_01,24.91290062,-10.23112219,0.018404908,11
2016_06_01,24.91290062,-10.23112219,0.061349693,11
2016_07_01,24.91290062,-10.23112219,0.061349693,11
2016_08_01,24.91290062,-10.23112219,0.128834356,11
2016_09_01,24.91290062,-10.23112219,0.018404908,11
2016_10_01,24.91290062,-10.23112219,0,11
2016_11_01,24.91290062,-10.23112219,0,11
2016_12_01,24.91290062,-10.23112219,0,11
2017_01_01,24.91290062,-10.23112219,0,11
2017_02_01,24.91290062,-10.23112219,0,11
2017_03_01,24.91290062,-10.23112219,0,11
2017_04_01,24.91290062,-10.23112219,0,11
2017_05_01,24.91290062,-10.23112219,0.012269939,11
2017_06_01,24.91290062,-10.23112219,0.055214724,11
2017_07_01,24.91290062,-10.23112219,0.061349693,11
2017_08_01,24.91290062,-10.23112219,0.141104294,11
2017_09_01,24.91290062,-10.23112219,0.030674847,11
2017_10_01,24.91290062,-10.23112219,0,11
2017_11_01,24.91290062,-10.23112219,0,11
2017_12_01,24.91290062,-10.23112219,0,11
2018_01_01,24.91290062,-10.23112219,0,11
2018_02_01,24.91290062,-10.23112219,0,11
2018_03_01,24.91290062,-10.23112219,0,11
2018_04_01,24.91290062,-10.23112219,0.006134969,11
2018_05_01,24.91290062,-10.23112219,0,11
2018_06_01,24.91290062,-10.23112219,0.012269939,11
2018_07_01,24.91290062,-10.23112219,0.061349693,11
2018_08_01,24.91290062,-10.23112219,0.141104294,11
2018_09_01,24.91290062,-10.23112219,0.036809816,11
2018_10_01,24.91290062,-10.23112219,0,11
2018_11_01,24.91290062,-10.23112219,0,11
2018_12_01,24.91290062,-10.23112219,0,11
2019_01_01,24.91290062,-10.23112219,0,11
2019_02_01,24.91290062,-10.23112219,0,11
2019_03_01,24.91290062,-10.23112219,0,11
2019_04_01,24.91290062,-10.23112219,0.006134969,11
2019_05_01,24.91290062,-10.23112219,0.018404908,11
2019_06_01,24.91290062,-10.23112219,0.030674847,11
2019_07_01,24.91290062,-10.23112219,0.159509202,11
2019_08_01,24.91290062,-10.23112219,0.116564417,11
2019_09_01,24.91290062,-10.23112219,0,11
2019_10_01,24.91290062,-10.23112219,0,11
2019_11_01,24.91290062,-10.23112219,0,11
2019_12_01,24.91290062,-10.23112219,0,11
2020_01_01,24.91290062,-10.23112219,0,11
2020_02_01,24.91290062,-10.23112219,0,11
2020_03_01,24.91290062,-10.23112219,0,11
2020_04_01,24.91290062,-10.23112219,0,11
2020_05_01,24.91290062,-10.23112219,0.012269939,11
2020_06_01,24.91290062,-10.23112219,0.049079755,11
2020_07_01,24.91290062,-10.23112219,0.171779141,11
2020_08_01,24.91290062,-10.23112219,0.049079755,11
2020_09_01,24.91290062,-10.23112219,0.079754601,11
2020_10_01,24.91290062,-10.23112219,0,11
2020_11_01,24.91290062,-10.23112219,0,11
2020_12_01,24.91290062,-10.23112219,0,11
2021_01_01,24.91290062,-10.23112219,0,11
2021_02_01,24.91290062,-10.23112219,0,11
2021_03_01,24.91290062,-10.23112219,0,11
2021_04_01,24.91290062,-10.23112219,0,11
2015_01_01,24.70651264,-7.286179125,0,12
2015_02_01,24.70651264,-7.286179125,0,12
2015_03_01,24.70651264,-7.286179125,0.00390625,12
2015_04_01,24.70651264,-7.286179125,0.01171875,12
2015_05_01,24.70651264,-7.286179125,0.07421875,12
2015_06_01,24.70651264,-7.286179125,0.05078125,12
2015_07_01,24.70651264,-7.286179125,0.1015625,12
2015_08_01,24.70651264,-7.286179125,0.109375,12
2015_09_01,24.70651264,-7.286179125,0.02734375,12
2015_10_01,24.70651264,-7.286179125,0,12
2015_11_01,24.70651264,-7.286179125,0,12
2015_12_01,24.70651264,-7.286179125,0,12
2016_01_01,24.70651264,-7.286179125,0,12
2016_02_01,24.70651264,-7.286179125,0,12
2016_03_01,24.70651264,-7.286179125,0,12
2016_04_01,24.70651264,-7.286179125,0.0390625,12
2016_05_01,24.70651264,-7.286179125,0.06640625,12
2016_06_01,24.70651264,-7.286179125,0.0703125,12
2016_07_01,24.70651264,-7.286179125,0.1015625,12
2016_08_01,24.70651264,-7.286179125,0.125,12
2016_09_01,24.70651264,-7.286179125,0.00390625,12
2016_10_01,24.70651264,-7.286179125,0,12
2016_11_01,24.70651264,-7.286179125,0,12
2016_12_01,24.70651264,-7.286179125,0,12
2017_01_01,24.70651264,-7.286179125,0,12
2017_02_01,24.70651264,-7.286179125,0,12
2017_03_01,24.70651264,-7.286179125,0,12
2017_04_01,24.70651264,-7.286179125,0.01171875,12
2017_05_01,24.70651264,-7.286179125,0.1015625,12
2017_06_01,24.70651264,-7.286179125,0.08984375,12
2017_07_01,24.70651264,-7.286179125,0.08984375,12
2017_08_01,24.70651264,-7.286179125,0.09765625,12
2017_09_01,24.70651264,-7.286179125,0.01171875,12
2017_10_01,24.70651264,-7.286179125,0,12
2017_11_01,24.70651264,-7.286179125,0,12
2017_12_01,24.70651264,-7.286179125,0,12
2018_01_01,24.70651264,-7.286179125,0,12
2018_02_01,24.70651264,-7.286179125,0,12
2018_03_01,24.70651264,-7.286179125,0,12
2018_04_01,24.70651264,-7.286179125,0.0078125,12
2018_05_01,24.70651264,-7.286179125,0.0390625,12
2018_06_01,24.70651264,-7.286179125,0.0703125,12
2018_07_01,24.70651264,-7.286179125,0.10546875,12
2018_08_01,24.70651264,-7.286179125,0.109375,12
2018_09_01,24.70651264,-7.286179125,0.0078125,12
2018_10_01,24.70651264,-7.286179125,0,12
2018_11_01,24.70651264,-7.286179125,0,12
2018_12_01,24.70651264,-7.286179125,0,12
2019_01_01,24.70651264,-7.286179125,0,12
2019_02_01,24.70651264,-7.286179125,0,12
2019_03_01,24.70651264,-7.286179125,0.0078125,12
2019_04_01,24.70651264,-7.286179125,0.0234375,12
2019_05_01,24.70651264,-7.286179125,0.0390625,12
2019_06_01,24.70651264,-7.286179125,0.06640625,12
2019_07_01,24.70651264,-7.286179125,0.15625,12
2019_08_01,24.70651264,-7.286179125,0.10546875,12
2019_09_01,24.70651264,-7.286179125,0,12
2019_10_01,24.70651264,-7.286179125,0,12
2019_11_01,24.70651264,-7.286179125,0,12
2019_12_01,24.70651264,-7.286179125,0,12
2020_01_01,24.70651264,-7.286179125,0,12
2020_02_01,24.70651264,-7.286179125,0.00390625,12
2020_03_01,24.70651264,-7.286179125,0,12
2020_04_01,24.70651264,-7.286179125,0.01953125,12
2020_05_01,24.70651264,-7.286179125,0.05859375,12
2020_06_01,24.70651264,-7.286179125,0.04296875,12
2020_07_01,24.70651264,-7.286179125,0.13671875,12
2020_08_01,24.70651264,-7.286179125,0.08984375,12
2020_09_01,24.70651264,-7.286179125,0.015625,12
2020_10_01,24.70651264,-7.286179125,0.0078125,12
2020_11_01,24.70651264,-7.286179125,0,12
2020_12_01,24.70651264,-7.286179125,0,12
2021_01_01,24.70651264,-7.286179125,0,12
2021_02_01,24.70651264,-7.286179125,0,12
2021_03_01,24.70651264,-7.286179125,0,12
2021_04_01,24.70651264,-7.286179125,0.03515625,12
2015_01_01,24.75203397,-3.726051518,0,13
2015_02_01,24.75203397,-3.726051518,0.01659751,13
2015_03_01,24.75203397,-3.726051518,0.012448133,13
2015_04_01,24.75203397,-3.726051518,0,13
2015_05_01,24.75203397,-3.726051518,0.012448133,13
2015_06_01,24.75203397,-3.726051518,0.012448133,13
2015_07_01,24.75203397,-3.726051518,0.066390041,13
2015_08_01,24.75203397,-3.726051518,0,13
2015_09_01,24.75203397,-3.726051518,0.008298755,13
2015_10_01,24.75203397,-3.726051518,0,13
2015_11_01,24.75203397,-3.726051518,0,13
2015_12_01,24.75203397,-3.726051518,0,13
2016_01_01,24.75203397,-3.726051518,0,13
2016_02_01,24.75203397,-3.726051518,0.004149378,13
2016_03_01,24.75203397,-3.726051518,0,13
2016_04_01,24.75203397,-3.726051518,0.008298755,13
2016_05_01,24.75203397,-3.726051518,0.037344398,13
2016_06_01,24.75203397,-3.726051518,0.037344398,13
2016_07_01,24.75203397,-3.726051518,0.020746888,13
2016_08_01,24.75203397,-3.726051518,0.012448133,13
2016_09_01,24.75203397,-3.726051518,0,13
2016_10_01,24.75203397,-3.726051518,0,13
2016_11_01,24.75203397,-3.726051518,0,13
2016_12_01,24.75203397,-3.726051518,0,13
2017_01_01,24.75203397,-3.726051518,0,13
2017_02_01,24.75203397,-3.726051518,0.004149378,13
2017_03_01,24.75203397,-3.726051518,0.004149378,13
2017_04_01,24.75203397,-3.726051518,0.004149378,13
2017_05_01,24.75203397,-3.726051518,0.041493776,13
2017_06_01,24.75203397,-3.726051518,0.020746888,13
2017_07_01,24.75203397,-3.726051518,0.020746888,13
2017_08_01,24.75203397,-3.726051518,0,13
2017_09_01,24.75203397,-3.726051518,0,13
2017_10_01,24.75203397,-3.726051518,0,13
2017_11_01,24.75203397,-3.726051518,0,13
2017_12_01,24.75203397,-3.726051518,0,13
2018_01_01,24.75203397,-3.726051518,0,13
2018_02_01,24.75203397,-3.726051518,0.004149378,13
2018_03_01,24.75203397,-3.726051518,0.004149378,13
2018_04_01,24.75203397,-3.726051518,0.004149378,13
2018_05_01,24.75203397,-3.726051518,0.008298755,13
2018_06_01,24.75203397,-3.726051518,0.058091286,13
2018_07_01,24.75203397,-3.726051518,0.033195021,13
2018_08_01,24.75203397,-3.726051518,0.008298755,13
2018_09_01,24.75203397,-3.726051518,0,13
2018_10_01,24.75203397,-3.726051518,0,13
2018_11_01,24.75203397,-3.726051518,0,13
2018_12_01,24.75203397,-3.726051518,0,13
2019_01_01,24.75203397,-3.726051518,0,13
2019_02_01,24.75203397,-3.726051518,0,13
2019_03_01,24.75203397,-3.726051518,0.008298755,13
2019_04_01,24.75203397,-3.726051518,0.008298755,13
2019_05_01,24.75203397,-3.726051518,0.012448133,13
2019_06_01,24.75203397,-3.726051518,0.029045643,13
2019_07_01,24.75203397,-3.726051518,0.020746888,13
2019_08_01,24.75203397,-3.726051518,0,13
2019_09_01,24.75203397,-3.726051518,0,13
2019_10_01,24.75203397,-3.726051518,0,13
2019_11_01,24.75203397,-3.726051518,0.004149378,13
2019_12_01,24.75203397,-3.726051518,0,13
2020_01_01,24.75203397,-3.726051518,0.008298755,13
2020_02_01,24.75203397,-3.726051518,0.012448133,13
2020_03_01,24.75203397,-3.726051518,0.004149378,13
2020_04_01,24.75203397,-3.726051518,0.008298755,13
2020_05_01,24.75203397,-3.726051518,0.020746888,13
2020_06_01,24.75203397,-3.726051518,0.029045643,13
2020_07_01,24.75203397,-3.726051518,0.045643154,13
2020_08_01,24.75203397,-3.726051518,0.004149378,13
2020_09_01,24.75203397,-3.726051518,0,13
2020_10_01,24.75203397,-3.726051518,0,13
2020_11_01,24.75203397,-3.726051518,0,13
2020_12_01,24.75203397,-3.726051518,0,13
2021_01_01,24.75203397,-3.726051518,0,13
2021_02_01,24.75203397,-3.726051518,0.012448133,13
2021_03_01,24.75203397,-3.726051518,0.008298755,13
2021_04_01,24.75203397,-3.726051518,0,13
2015_01_01,24.73862476,-0.264763458,0,14
2015_02_01,24.73862476,-0.264763458,0,14
2015_03_01,24.73862476,-0.264763458,0,14
2015_04_01,24.73862476,-0.264763458,0,14
2015_05_01,24.73862476,-0.264763458,0,14
2015_06_01,24.73862476,-0.264763458,0,14
2015_07_01,24.73862476,-0.264763458,0,14
2015_08_01,24.73862476,-0.264763458,0,14
2015_09_01,24.73862476,-0.264763458,0,14
2015_10_01,24.73862476,-0.264763458,0,14
2015_11_01,24.73862476,-0.264763458,0,14
2015_12_01,24.73862476,-0.264763458,0,14
2016_01_01,24.73862476,-0.264763458,0,14
2016_02_01,24.73862476,-0.264763458,0,14
2016_03_01,24.73862476,-0.264763458,0,14
2016_04_01,24.73862476,-0.264763458,0,14
2016_05_01,24.73862476,-0.264763458,0,14
2016_06_01,24.73862476,-0.264763458,0,14
2016_07_01,24.73862476,-0.264763458,0,14
2016_08_01,24.73862476,-0.264763458,0,14
2016_09_01,24.73862476,-0.264763458,0,14
2016_10_01,24.73862476,-0.264763458,0,14
2016_11_01,24.73862476,-0.264763458,0,14
2016_12_01,24.73862476,-0.264763458,0,14
2017_01_01,24.73862476,-0.264763458,0,14
2017_02_01,24.73862476,-0.264763458,0,14
2017_03_01,24.73862476,-0.264763458,0,14
2017_04_01,24.73862476,-0.264763458,0.004444444,14
2017_05_01,24.73862476,-0.264763458,0,14
2017_06_01,24.73862476,-0.264763458,0,14
2017_07_01,24.73862476,-0.264763458,0,14
2017_08_01,24.73862476,-0.264763458,0,14
2017_09_01,24.73862476,-0.264763458,0,14
2017_10_01,24.73862476,-0.264763458,0,14
2017_11_01,24.73862476,-0.264763458,0,14
2017_12_01,24.73862476,-0.264763458,0,14
2018_01_01,24.73862476,-0.264763458,0,14
2018_02_01,24.73862476,-0.264763458,0,14
2018_03_01,24.73862476,-0.264763458,0,14
2018_04_01,24.73862476,-0.264763458,0,14
2018_05_01,24.73862476,-0.264763458,0,14
2018_06_01,24.73862476,-0.264763458,0.004444444,14
2018_07_01,24.73862476,-0.264763458,0,14
2018_08_01,24.73862476,-0.264763458,0,14
2018_09_01,24.73862476,-0.264763458,0,14
2018_10_01,24.73862476,-0.264763458,0,14
2018_11_01,24.73862476,-0.264763458,0,14
2018_12_01,24.73862476,-0.264763458,0,14
2019_01_01,24.73862476,-0.264763458,0,14
2019_02_01,24.73862476,-0.264763458,0,14
2019_03_01,24.73862476,-0.264763458,0,14
2019_04_01,24.73862476,-0.264763458,0,14
2019_05_01,24.73862476,-0.264763458,0,14
2019_06_01,24.73862476,-0.264763458,0.004444444,14
2019_07_01,24.73862476,-0.264763458,0,14
2019_08_01,24.73862476,-0.264763458,0,14
2019_09_01,24.73862476,-0.264763458,0,14
2019_10_01,24.73862476,-0.264763458,0,14
2019_11_01,24.73862476,-0.264763458,0,14
2019_12_01,24.73862476,-0.264763458,0,14
2020_01_01,24.73862476,-0.264763458,0,14
2020_02_01,24.73862476,-0.264763458,0,14
2020_03_01,24.73862476,-0.264763458,0,14
2020_04_01,24.73862476,-0.264763458,0,14
2020_05_01,24.73862476,-0.264763458,0,14
2020_06_01,24.73862476,-0.264763458,0,14
2020_07_01,24.73862476,-0.264763458,0,14
2020_08_01,24.73862476,-0.264763458,0,14
2020_09_01,24.73862476,-0.264763458,0,14
2020_10_01,24.73862476,-0.264763458,0,14
2020_11_01,24.73862476,-0.264763458,0,14
2020_12_01,24.73862476,-0.264763458,0,14
2021_01_01,24.73862476,-0.264763458,0,14
2021_02_01,24.73862476,-0.264763458,0,14
2021_03_01,24.73862476,-0.264763458,0,14
2021_04_01,24.73862476,-0.264763458,0,14
2015_01_01,24.77995066,3.154864165,0.017021277,15
2015_02_01,24.77995066,3.154864165,0.004255319,15
2015_03_01,24.77995066,3.154864165,0,15
2015_04_01,24.77995066,3.154864165,0.004255319,15
2015_05_01,24.77995066,3.154864165,0,15
2015_06_01,24.77995066,3.154864165,0,15
2015_07_01,24.77995066,3.154864165,0,15
2015_08_01,24.77995066,3.154864165,0,15
2015_09_01,24.77995066,3.154864165,0,15
2015_10_01,24.77995066,3.154864165,0,15
2015_11_01,24.77995066,3.154864165,0,15
2015_12_01,24.77995066,3.154864165,0.021276596,15
2016_01_01,24.77995066,3.154864165,0.012765957,15
2016_02_01,24.77995066,3.154864165,0,15
2016_03_01,24.77995066,3.154864165,0,15
2016_04_01,24.77995066,3.154864165,0,15
2016_05_01,24.77995066,3.154864165,0,15
2016_06_01,24.77995066,3.154864165,0,15
2016_07_01,24.77995066,3.154864165,0,15
2016_08_01,24.77995066,3.154864165,0,15
2016_09_01,24.77995066,3.154864165,0,15
2016_10_01,24.77995066,3.154864165,0,15
2016_11_01,24.77995066,3.154864165,0,15
2016_12_01,24.77995066,3.154864165,0.012765957,15
2017_01_01,24.77995066,3.154864165,0.012765957,15
2017_02_01,24.77995066,3.154864165,0.004255319,15
2017_03_01,24.77995066,3.154864165,0,15
2017_04_01,24.77995066,3.154864165,0,15
2017_05_01,24.77995066,3.154864165,0,15
2017_06_01,24.77995066,3.154864165,0,15
2017_07_01,24.77995066,3.154864165,0,15
2017_08_01,24.77995066,3.154864165,0,15
2017_09_01,24.77995066,3.154864165,0,15
2017_10_01,24.77995066,3.154864165,0,15
2017_11_01,24.77995066,3.154864165,0,15
2017_12_01,24.77995066,3.154864165,0.025531915,15
2018_01_01,24.77995066,3.154864165,0.004255319,15
2018_02_01,24.77995066,3.154864165,0.004255319,15
2018_03_01,24.77995066,3.154864165,0,15
2018_04_01,24.77995066,3.154864165,0,15
2018_05_01,24.77995066,3.154864165,0,15
2018_06_01,24.77995066,3.154864165,0,15
2018_07_01,24.77995066,3.154864165,0,15
2018_08_01,24.77995066,3.154864165,0,15
2018_09_01,24.77995066,3.154864165,0,15
2018_10_01,24.77995066,3.154864165,0,15
2018_11_01,24.77995066,3.154864165,0.012765957,15
2018_12_01,24.77995066,3.154864165,0.004255319,15
2019_01_01,24.77995066,3.154864165,0.012765957,15
2019_02_01,24.77995066,3.154864165,0,15
2019_03_01,24.77995066,3.154864165,0,15
2019_04_01,24.77995066,3.154864165,0,15
2019_05_01,24.77995066,3.154864165,0,15
2019_06_01,24.77995066,3.154864165,0,15
2019_07_01,24.77995066,3.154864165,0,15
2019_08_01,24.77995066,3.154864165,0,15
2019_09_01,24.77995066,3.154864165,0,15
2019_10_01,24.77995066,3.154864165,0,15
2019_11_01,24.77995066,3.154864165,0,15
2019_12_01,24.77995066,3.154864165,0,15
2020_01_01,24.77995066,3.154864165,0.021276596,15
2020_02_01,24.77995066,3.154864165,0.008510638,15
2020_03_01,24.77995066,3.154864165,0.004255319,15
2020_04_01,24.77995066,3.154864165,0,15
2020_05_01,24.77995066,3.154864165,0,15
2020_06_01,24.77995066,3.154864165,0,15
2020_07_01,24.77995066,3.154864165,0,15
2020_08_01,24.77995066,3.154864165,0,15
2020_09_01,24.77995066,3.154864165,0,15
2020_10_01,24.77995066,3.154864165,0,15
2020_11_01,24.77995066,3.154864165,0,15
2020_12_01,24.77995066,3.154864165,0.012765957,15
2021_01_01,24.77995066,3.154864165,0.017021277,15
2021_02_01,24.77995066,3.154864165,0.008510638,15
2021_03_01,24.77995066,3.154864165,0.004255319,15
2021_04_01,24.77995066,3.154864165,0,15
2015_01_01,27.87541428,-10.93814027,0,16
2015_02_01,27.87541428,-10.93814027,0,16
2015_03_01,27.87541428,-10.93814027,0,16
2015_04_01,27.87541428,-10.93814027,0,16
2015_05_01,27.87541428,-10.93814027,0.044871795,16
2015_06_01,27.87541428,-10.93814027,0.051282051,16
2015_07_01,27.87541428,-10.93814027,0.102564103,16
2015_08_01,27.87541428,-10.93814027,0.153846154,16
2015_09_01,27.87541428,-10.93814027,0.064102564,16
2015_10_01,27.87541428,-10.93814027,0.012820513,16
2015_11_01,27.87541428,-10.93814027,0,16
2015_12_01,27.87541428,-10.93814027,0,16
2016_01_01,27.87541428,-10.93814027,0,16
2016_02_01,27.87541428,-10.93814027,0,16
2016_03_01,27.87541428,-10.93814027,0,16
2016_04_01,27.87541428,-10.93814027,0.006410256,16
2016_05_01,27.87541428,-10.93814027,0.064102564,16
2016_06_01,27.87541428,-10.93814027,0.108974359,16
2016_07_01,27.87541428,-10.93814027,0.070512821,16
2016_08_01,27.87541428,-10.93814027,0.108974359,16
2016_09_01,27.87541428,-10.93814027,0.070512821,16
2016_10_01,27.87541428,-10.93814027,0.006410256,16
2016_11_01,27.87541428,-10.93814027,0,16
2016_12_01,27.87541428,-10.93814027,0,16
2017_01_01,27.87541428,-10.93814027,0,16
2017_02_01,27.87541428,-10.93814027,0,16
2017_03_01,27.87541428,-10.93814027,0,16
2017_04_01,27.87541428,-10.93814027,0,16
2017_05_01,27.87541428,-10.93814027,0.044871795,16
2017_06_01,27.87541428,-10.93814027,0.057692308,16
2017_07_01,27.87541428,-10.93814027,0.083333333,16
2017_08_01,27.87541428,-10.93814027,0.121794872,16
2017_09_01,27.87541428,-10.93814027,0.08974359,16
2017_10_01,27.87541428,-10.93814027,0.012820513,16
2017_11_01,27.87541428,-10.93814027,0,16
2017_12_01,27.87541428,-10.93814027,0,16
2018_01_01,27.87541428,-10.93814027,0,16
2018_02_01,27.87541428,-10.93814027,0,16
2018_03_01,27.87541428,-10.93814027,0,16
2018_04_01,27.87541428,-10.93814027,0,16
2018_05_01,27.87541428,-10.93814027,0.012820513,16
2018_06_01,27.87541428,-10.93814027,0.038461538,16
2018_07_01,27.87541428,-10.93814027,0.032051282,16
2018_08_01,27.87541428,-10.93814027,0.243589744,16
2018_09_01,27.87541428,-10.93814027,0.038461538,16
2018_10_01,27.87541428,-10.93814027,0,16
2018_11_01,27.87541428,-10.93814027,0,16
2018_12_01,27.87541428,-10.93814027,0,16
2019_01_01,27.87541428,-10.93814027,0,16
2019_02_01,27.87541428,-10.93814027,0,16
2019_03_01,27.87541428,-10.93814027,0,16
2019_04_01,27.87541428,-10.93814027,0.012820513,16
2019_05_01,27.87541428,-10.93814027,0.044871795,16
2019_06_01,27.87541428,-10.93814027,0.057692308,16
2019_07_01,27.87541428,-10.93814027,0.096153846,16
2019_08_01,27.87541428,-10.93814027,0.141025641,16
2019_09_01,27.87541428,-10.93814027,0.044871795,16
2019_10_01,27.87541428,-10.93814027,0,16
2019_11_01,27.87541428,-10.93814027,0,16
2019_12_01,27.87541428,-10.93814027,0,16
2020_01_01,27.87541428,-10.93814027,0,16
2020_02_01,27.87541428,-10.93814027,0,16
2020_03_01,27.87541428,-10.93814027,0,16
2020_04_01,27.87541428,-10.93814027,0.012820513,16
2020_05_01,27.87541428,-10.93814027,0,16
2020_06_01,27.87541428,-10.93814027,0.038461538,16
2020_07_01,27.87541428,-10.93814027,0.096153846,16
2020_08_01,27.87541428,-10.93814027,0.134615385,16
2020_09_01,27.87541428,-10.93814027,0.08974359,16
2020_10_01,27.87541428,-10.93814027,0.006410256,16
2020_11_01,27.87541428,-10.93814027,0,16
2020_12_01,27.87541428,-10.93814027,0,16
2021_01_01,27.87541428,-10.93814027,0,16
2021_02_01,27.87541428,-10.93814027,0,16
2021_03_01,27.87541428,-10.93814027,0,16
2021_04_01,27.87541428,-10.93814027,0,16
2015_01_01,28.13162232,-7.187497041,0,17
2015_02_01,28.13162232,-7.187497041,0,17
2015_03_01,28.13162232,-7.187497041,0,17
2015_04_01,28.13162232,-7.187497041,0.004255319,17
2015_05_01,28.13162232,-7.187497041,0.025531915,17
2015_06_01,28.13162232,-7.187497041,0.114893617,17
2015_07_01,28.13162232,-7.187497041,0.191489362,17
2015_08_01,28.13162232,-7.187497041,0.059574468,17
2015_09_01,28.13162232,-7.187497041,0.008510638,17
2015_10_01,28.13162232,-7.187497041,0,17
2015_11_01,28.13162232,-7.187497041,0,17
2015_12_01,28.13162232,-7.187497041,0,17
2016_01_01,28.13162232,-7.187497041,0,17
2016_02_01,28.13162232,-7.187497041,0,17
2016_03_01,28.13162232,-7.187497041,0,17
2016_04_01,28.13162232,-7.187497041,0.004255319,17
2016_05_01,28.13162232,-7.187497041,0.025531915,17
2016_06_01,28.13162232,-7.187497041,0.10212766,17
2016_07_01,28.13162232,-7.187497041,0.09787234,17
2016_08_01,28.13162232,-7.187497041,0.063829787,17
2016_09_01,28.13162232,-7.187497041,0.004255319,17
2016_10_01,28.13162232,-7.187497041,0,17
2016_11_01,28.13162232,-7.187497041,0,17
2016_12_01,28.13162232,-7.187497041,0,17
2017_01_01,28.13162232,-7.187497041,0,17
2017_02_01,28.13162232,-7.187497041,0,17
2017_03_01,28.13162232,-7.187497041,0,17
2017_04_01,28.13162232,-7.187497041,0.004255319,17
2017_05_01,28.13162232,-7.187497041,0.119148936,17
2017_06_01,28.13162232,-7.187497041,0.165957447,17
2017_07_01,28.13162232,-7.187497041,0.055319149,17
2017_08_01,28.13162232,-7.187497041,0.038297872,17
2017_09_01,28.13162232,-7.187497041,0.012765957,17
2017_10_01,28.13162232,-7.187497041,0.008510638,17
2017_11_01,28.13162232,-7.187497041,0,17
2017_12_01,28.13162232,-7.187497041,0,17
2018_01_01,28.13162232,-7.187497041,0,17
2018_02_01,28.13162232,-7.187497041,0,17
2018_03_01,28.13162232,-7.187497041,0,17
2018_04_01,28.13162232,-7.187497041,0,17
2018_05_01,28.13162232,-7.187497041,0.025531915,17
2018_06_01,28.13162232,-7.187497041,0.055319149,17
2018_07_01,28.13162232,-7.187497041,0.14893617,17
2018_08_01,28.13162232,-7.187497041,0.055319149,17
2018_09_01,28.13162232,-7.187497041,0.004255319,17
2018_10_01,28.13162232,-7.187497041,0.004255319,17
2018_11_01,28.13162232,-7.187497041,0,17
2018_12_01,28.13162232,-7.187497041,0,17
2019_01_01,28.13162232,-7.187497041,0,17
2019_02_01,28.13162232,-7.187497041,0,17
2019_03_01,28.13162232,-7.187497041,0,17
2019_04_01,28.13162232,-7.187497041,0.004255319,17
2019_05_01,28.13162232,-7.187497041,0.046808511,17
2019_06_01,28.13162232,-7.187497041,0.212765957,17
2019_07_01,28.13162232,-7.187497041,0.068085106,17
2019_08_01,28.13162232,-7.187497041,0.017021277,17
2019_09_01,28.13162232,-7.187497041,0.012765957,17
2019_10_01,28.13162232,-7.187497041,0.004255319,17
2019_11_01,28.13162232,-7.187497041,0,17
2019_12_01,28.13162232,-7.187497041,0,17
2020_01_01,28.13162232,-7.187497041,0,17
2020_02_01,28.13162232,-7.187497041,0,17
2020_03_01,28.13162232,-7.187497041,0,17
2020_04_01,28.13162232,-7.187497041,0.004255319,17
2020_05_01,28.13162232,-7.187497041,0.021276596,17
2020_06_01,28.13162232,-7.187497041,0.080851064,17
2020_07_01,28.13162232,-7.187497041,0.161702128,17
2020_08_01,28.13162232,-7.187497041,0.059574468,17
2020_09_01,28.13162232,-7.187497041,0.012765957,17
2020_10_01,28.13162232,-7.187497041,0.008510638,17
2020_11_01,28.13162232,-7.187497041,0,17
2020_12_01,28.13162232,-7.187497041,0,17
2021_01_01,28.13162232,-7.187497041,0,17
2021_02_01,28.13162232,-7.187497041,0,17
2021_03_01,28.13162232,-7.187497041,0,17
2021_04_01,28.13162232,-7.187497041,0,17
2015_01_01,27.82115624,-3.720020946,0,18
2015_02_01,27.82115624,-3.720020946,0,18
2015_03_01,27.82115624,-3.720020946,0,18
2015_04_01,27.82115624,-3.720020946,0,18
2015_05_01,27.82115624,-3.720020946,0.009852217,18
2015_06_01,27.82115624,-3.720020946,0.014778325,18
2015_07_01,27.82115624,-3.720020946,0.02955665,18
2015_08_01,27.82115624,-3.720020946,0.009852217,18
2015_09_01,27.82115624,-3.720020946,0.004926108,18
2015_10_01,27.82115624,-3.720020946,0,18
2015_11_01,27.82115624,-3.720020946,0,18
2015_12_01,27.82115624,-3.720020946,0,18
2016_01_01,27.82115624,-3.720020946,0,18
2016_02_01,27.82115624,-3.720020946,0,18
2016_03_01,27.82115624,-3.720020946,0,18
2016_04_01,27.82115624,-3.720020946,0.004926108,18
2016_05_01,27.82115624,-3.720020946,0.024630542,18
2016_06_01,27.82115624,-3.720020946,0.024630542,18
2016_07_01,27.82115624,-3.720020946,0.004926108,18
2016_08_01,27.82115624,-3.720020946,0.009852217,18
2016_09_01,27.82115624,-3.720020946,0,18
2016_10_01,27.82115624,-3.720020946,0,18
2016_11_01,27.82115624,-3.720020946,0,18
2016_12_01,27.82115624,-3.720020946,0,18
2017_01_01,27.82115624,-3.720020946,0,18
2017_02_01,27.82115624,-3.720020946,0,18
2017_03_01,27.82115624,-3.720020946,0,18
2017_04_01,27.82115624,-3.720020946,0,18
2017_05_01,27.82115624,-3.720020946,0.0591133,18
2017_06_01,27.82115624,-3.720020946,0.014778325,18
2017_07_01,27.82115624,-3.720020946,0.004926108,18
2017_08_01,27.82115624,-3.720020946,0,18
2017_09_01,27.82115624,-3.720020946,0,18
2017_10_01,27.82115624,-3.720020946,0,18
2017_11_01,27.82115624,-3.720020946,0,18
2017_12_01,27.82115624,-3.720020946,0,18
2018_01_01,27.82115624,-3.720020946,0,18
2018_02_01,27.82115624,-3.720020946,0,18
2018_03_01,27.82115624,-3.720020946,0,18
2018_04_01,27.82115624,-3.720020946,0,18
2018_05_01,27.82115624,-3.720020946,0,18
2018_06_01,27.82115624,-3.720020946,0.034482759,18
2018_07_01,27.82115624,-3.720020946,0.019704433,18
2018_08_01,27.82115624,-3.720020946,0.009852217,18
2018_09_01,27.82115624,-3.720020946,0,18
2018_10_01,27.82115624,-3.720020946,0,18
2018_11_01,27.82115624,-3.720020946,0,18
2018_12_01,27.82115624,-3.720020946,0,18
2019_01_01,27.82115624,-3.720020946,0.004926108,18
2019_02_01,27.82115624,-3.720020946,0,18
2019_03_01,27.82115624,-3.720020946,0,18
2019_04_01,27.82115624,-3.720020946,0,18
2019_05_01,27.82115624,-3.720020946,0.024630542,18
2019_06_01,27.82115624,-3.720020946,0.019704433,18
2019_07_01,27.82115624,-3.720020946,0.014778325,18
2019_08_01,27.82115624,-3.720020946,0.014778325,18
2019_09_01,27.82115624,-3.720020946,0,18
2019_10_01,27.82115624,-3.720020946,0,18
2019_11_01,27.82115624,-3.720020946,0,18
2019_12_01,27.82115624,-3.720020946,0,18
2020_01_01,27.82115624,-3.720020946,0,18
2020_02_01,27.82115624,-3.720020946,0,18
2020_03_01,27.82115624,-3.720020946,0,18
2020_04_01,27.82115624,-3.720020946,0,18
2020_05_01,27.82115624,-3.720020946,0.024630542,18
2020_06_01,27.82115624,-3.720020946,0.024630542,18
2020_07_01,27.82115624,-3.720020946,0.024630542,18
2020_08_01,27.82115624,-3.720020946,0.019704433,18
2020_09_01,27.82115624,-3.720020946,0,18
2020_10_01,27.82115624,-3.720020946,0,18
2020_11_01,27.82115624,-3.720020946,0,18
2020_12_01,27.82115624,-3.720020946,0,18
2021_01_01,27.82115624,-3.720020946,0,18
2021_02_01,27.82115624,-3.720020946,0,18
2021_03_01,27.82115624,-3.720020946,0,18
2021_04_01,27.82115624,-3.720020946,0,18
2015_01_01,28.09519277,-0.152465128,0,19
2015_02_01,28.09519277,-0.152465128,0,19
2015_03_01,28.09519277,-0.152465128,0,19
2015_04_01,28.09519277,-0.152465128,0,19
2015_05_01,28.09519277,-0.152465128,0,19
2015_06_01,28.09519277,-0.152465128,0,19
2015_07_01,28.09519277,-0.152465128,0,19
2015_08_01,28.09519277,-0.152465128,0,19
2015_09_01,28.09519277,-0.152465128,0,19
2015_10_01,28.09519277,-0.152465128,0,19
2015_11_01,28.09519277,-0.152465128,0,19
2015_12_01,28.09519277,-0.152465128,0,19
2016_01_01,28.09519277,-0.152465128,0,19
2016_02_01,28.09519277,-0.152465128,0.004255319,19
2016_03_01,28.09519277,-0.152465128,0,19
2016_04_01,28.09519277,-0.152465128,0,19
2016_05_01,28.09519277,-0.152465128,0.004255319,19
2016_06_01,28.09519277,-0.152465128,0,19
2016_07_01,28.09519277,-0.152465128,0.004255319,19
2016_08_01,28.09519277,-0.152465128,0,19
2016_09_01,28.09519277,-0.152465128,0.004255319,19
2016_10_01,28.09519277,-0.152465128,0,19
2016_11_01,28.09519277,-0.152465128,0,19
2016_12_01,28.09519277,-0.152465128,0.004255319,19
2017_01_01,28.09519277,-0.152465128,0.004255319,19
2017_02_01,28.09519277,-0.152465128,0,19
2017_03_01,28.09519277,-0.152465128,0,19
2017_04_01,28.09519277,-0.152465128,0,19
2017_05_01,28.09519277,-0.152465128,0,19
2017_06_01,28.09519277,-0.152465128,0.004255319,19
2017_07_01,28.09519277,-0.152465128,0.004255319,19
2017_08_01,28.09519277,-0.152465128,0,19
2017_09_01,28.09519277,-0.152465128,0,19
2017_10_01,28.09519277,-0.152465128,0,19
2017_11_01,28.09519277,-0.152465128,0,19
2017_12_01,28.09519277,-0.152465128,0,19
2018_01_01,28.09519277,-0.152465128,0.004255319,19
2018_02_01,28.09519277,-0.152465128,0,19
2018_03_01,28.09519277,-0.152465128,0,19
2018_04_01,28.09519277,-0.152465128,0,19
2018_05_01,28.09519277,-0.152465128,0,19
2018_06_01,28.09519277,-0.152465128,0,19
2018_07_01,28.09519277,-0.152465128,0,19
2018_08_01,28.09519277,-0.152465128,0,19
2018_09_01,28.09519277,-0.152465128,0,19
2018_10_01,28.09519277,-0.152465128,0,19
2018_11_01,28.09519277,-0.152465128,0,19
2018_12_01,28.09519277,-0.152465128,0,19
2019_01_01,28.09519277,-0.152465128,0.004255319,19
2019_02_01,28.09519277,-0.152465128,0.004255319,19
2019_03_01,28.09519277,-0.152465128,0,19
2019_04_01,28.09519277,-0.152465128,0,19
2019_05_01,28.09519277,-0.152465128,0,19
2019_06_01,28.09519277,-0.152465128,0,19
2019_07_01,28.09519277,-0.152465128,0.004255319,19
2019_08_01,28.09519277,-0.152465128,0,19
2019_09_01,28.09519277,-0.152465128,0,19
2019_10_01,28.09519277,-0.152465128,0,19
2019_11_01,28.09519277,-0.152465128,0,19
2019_12_01,28.09519277,-0.152465128,0,19
2020_01_01,28.09519277,-0.152465128,0.004255319,19
2020_02_01,28.09519277,-0.152465128,0.004255319,19
2020_03_01,28.09519277,-0.152465128,0,19
2020_04_01,28.09519277,-0.152465128,0,19
2020_05_01,28.09519277,-0.152465128,0,19
2020_06_01,28.09519277,-0.152465128,0,19
2020_07_01,28.09519277,-0.152465128,0.008510638,19
2020_08_01,28.09519277,-0.152465128,0,19
2020_09_01,28.09519277,-0.152465128,0,19
2020_10_01,28.09519277,-0.152465128,0,19
2020_11_01,28.09519277,-0.152465128,0,19
2020_12_01,28.09519277,-0.152465128,0,19
2021_01_01,28.09519277,-0.152465128,0,19
2021_02_01,28.09519277,-0.152465128,0.004255319,19
2021_03_01,28.09519277,-0.152465128,0,19
2021_04_01,28.09519277,-0.152465128,0,19
2015_01_01,28.09414364,3.082574782,0.043668122,20
2015_02_01,28.09414364,3.082574782,0,20
2015_03_01,28.09414364,3.082574782,0.004366812,20
2015_04_01,28.09414364,3.082574782,0,20
2015_05_01,28.09414364,3.082574782,0,20
2015_06_01,28.09414364,3.082574782,0,20
2015_07_01,28.09414364,3.082574782,0,20
2015_08_01,28.09414364,3.082574782,0,20
2015_09_01,28.09414364,3.082574782,0,20
2015_10_01,28.09414364,3.082574782,0,20
2015_11_01,28.09414364,3.082574782,0,20
2015_12_01,28.09414364,3.082574782,0.017467249,20
2016_01_01,28.09414364,3.082574782,0.065502183,20
2016_02_01,28.09414364,3.082574782,0.004366812,20
2016_03_01,28.09414364,3.082574782,0,20
2016_04_01,28.09414364,3.082574782,0,20
2016_05_01,28.09414364,3.082574782,0,20
2016_06_01,28.09414364,3.082574782,0,20
2016_07_01,28.09414364,3.082574782,0,20
2016_08_01,28.09414364,3.082574782,0,20
2016_09_01,28.09414364,3.082574782,0,20
2016_10_01,28.09414364,3.082574782,0,20
2016_11_01,28.09414364,3.082574782,0,20
2016_12_01,28.09414364,3.082574782,0.026200873,20
2017_01_01,28.09414364,3.082574782,0.043668122,20
2017_02_01,28.09414364,3.082574782,0.008733624,20
2017_03_01,28.09414364,3.082574782,0.004366812,20
2017_04_01,28.09414364,3.082574782,0,20
2017_05_01,28.09414364,3.082574782,0,20
2017_06_01,28.09414364,3.082574782,0,20
2017_07_01,28.09414364,3.082574782,0,20
2017_08_01,28.09414364,3.082574782,0,20
2017_09_01,28.09414364,3.082574782,0,20
2017_10_01,28.09414364,3.082574782,0,20
2017_11_01,28.09414364,3.082574782,0,20
2017_12_01,28.09414364,3.082574782,0.03930131,20
2018_01_01,28.09414364,3.082574782,0.034934498,20
2018_02_01,28.09414364,3.082574782,0.004366812,20
2018_03_01,28.09414364,3.082574782,0,20
2018_04_01,28.09414364,3.082574782,0,20
2018_05_01,28.09414364,3.082574782,0,20
2018_06_01,28.09414364,3.082574782,0,20
2018_07_01,28.09414364,3.082574782,0,20
2018_08_01,28.09414364,3.082574782,0,20
2018_09_01,28.09414364,3.082574782,0,20
2018_10_01,28.09414364,3.082574782,0,20
2018_11_01,28.09414364,3.082574782,0.004366812,20
2018_12_01,28.09414364,3.082574782,0.021834061,20
2019_01_01,28.09414364,3.082574782,0.008733624,20
2019_02_01,28.09414364,3.082574782,0.026200873,20
2019_03_01,28.09414364,3.082574782,0,20
2019_04_01,28.09414364,3.082574782,0,20
2019_05_01,28.09414364,3.082574782,0,20
2019_06_01,28.09414364,3.082574782,0,20
2019_07_01,28.09414364,3.082574782,0,20
2019_08_01,28.09414364,3.082574782,0,20
2019_09_01,28.09414364,3.082574782,0,20
2019_10_01,28.09414364,3.082574782,0,20
2019_11_01,28.09414364,3.082574782,0.008733624,20
2019_12_01,28.09414364,3.082574782,0.004366812,20
2020_01_01,28.09414364,3.082574782,0.034934498,20
2020_02_01,28.09414364,3.082574782,0.017467249,20
2020_03_01,28.09414364,3.082574782,0,20
2020_04_01,28.09414364,3.082574782,0,20
2020_05_01,28.09414364,3.082574782,0,20
2020_06_01,28.09414364,3.082574782,0,20
2020_07_01,28.09414364,3.082574782,0,20
2020_08_01,28.09414364,3.082574782,0,20
2020_09_01,28.09414364,3.082574782,0,20
2020_10_01,28.09414364,3.082574782,0,20
2020_11_01,28.09414364,3.082574782,0.004366812,20
2020_12_01,28.09414364,3.082574782,0.013100437,20
2021_01_01,28.09414364,3.082574782,0.043668122,20
2021_02_01,28.09414364,3.082574782,0.017467249,20
2021_03_01,28.09414364,3.082574782,0,20
2021_04_01,28.09414364,3.082574782,0,20
